,Rodada,level,apostar,acerto,contagem,odd,odd_entrada,odd_saida,media80,desvpad80geral,percentil80geral,cv80,roc80,media160,desvpad160geral,percentil160geral,cv160,roc160,media320,desvpad320geral,percentil320geral,cv320,roc320,media640,desvpad640geral,percentil640geral,cv640,roc640
0,0.0,1.0,0.0,0.0,0.0,0.0,0.0,0.0,0.0,0.0,0.0,0.0,0.0,0.0,0.0,0.0,0.0,0.0,0.0,0.0,0.0,0.0,0.0,0.0,0.0,0.0,0.0,0.0
1,1.0,1.0,0.0,1.0,0.0,1.62,5.0,5.0,0.0,0.0,0.0,0.0,0.0,0.0,0.0,0.0,0.0,0.0,0.0,0.0,0.0,0.0,0.0,0.0,0.0,0.0,0.0,0.0
2,2.0,1.0,0.0,1.0,0.0,39.52,11.0,11.0,0.0,0.0,0.0,0.0,0.0,0.0,0.0,0.0,0.0,0.0,0.0,0.0,0.0,0.0,0.0,0.0,0.0,0.0,0.0,0.0
3,3.0,1.0,0.0,1.0,0.0,2.09,6.0,6.0,0.0,0.0,0.0,0.0,0.0,0.0,0.0,0.0,0.0,0.0,0.0,0.0,0.0,0.0,0.0,0.0,0.0,0.0,0.0,0.0
4,4.0,1.0,0.0,0.0,0.0,1.0,1.0,1.0,0.0,0.0,0.0,0.0,0.0,0.0,0.0,0.0,0.0,0.0,0.0,0.0,0.0,0.0,0.0,0.0,0.0,0.0,0.0,0.0
5,5.0,1.0,0.0,1.0,0.0,3.46,8.0,8.0,0.0,0.0,0.0,0.0,0.0,0.0,0.0,0.0,0.0,0.0,0.0,0.0,0.0,0.0,0.0,0.0,0.0,0.0,0.0,0.0
6,6.0,1.0,0.0,1.0,0.0,1.49,5.0,5.0,0.0,0.0,0.0,0.0,0.0,0.0,0.0,0.0,0.0,0.0,0.0,0.0,0.0,0.0,0.0,0.0,0.0,0.0,0.0,0.0
7,7.0,1.0,0.0,1.0,0.0,20.6,11.0,11.0,0.0,0.0,0.0,0.0,0.0,0.0,0.0,0.0,0.0,0.0,0.0,0.0,0.0,0.0,0.0,0.0,0.0,0.0,0.0,0.0
8,8.0,1.0,0.0,1.0,0.0,2.45,7.0,7.0,0.0,0.0,0.0,0.0,0.0,0.0,0.0,0.0,0.0,0.0,0.0,0.0,0.0,0.0,0.0,0.0,0.0,0.0,0.0,0.0
9,9.0,1.0,0.0,0.0,0.0,1.37,4.0,4.0,0.0,0.0,0.0,0.0,0.0,0.0,0.0,0.0,0.0,0.0,0.0,0.0,0.0,0.0,0.0,0.0,0.0,0.0,0.0,0.0
10,10.0,1.0,0.0,1.0,0.0,2.92,8.0,8.0,0.0,0.0,0.0,0.0,0.0,0.0,0.0,0.0,0.0,0.0,0.0,0.0,0.0,0.0,0.0,0.0,0.0,0.0,0.0,0.0
11,11.0,1.0,0.0,1.0,0.0,20.77,11.0,11.0,0.0,0.0,0.0,0.0,0.0,0.0,0.0,0.0,0.0,0.0,0.0,0.0,0.0,0.0,0.0,0.0,0.0,0.0,0.0,0.0
12,12.0,1.0,0.0,1.0,0.0,200.43,11.0,11.0,0.0,0.0,0.0,0.0,0.0,0.0,0.0,0.0,0.0,0.0,0.0,0.0,0.0,0.0,0.0,0.0,0.0,0.0,0.0,0.0
13,13.0,1.0,0.0,1.0,0.0,7.49,10.0,10.0,0.0,0.0,0.0,0.0,0.0,0.0,0.0,0.0,0.0,0.0,0.0,0.0,0.0,0.0,0.0,0.0,0.0,0.0,0.0,0.0
14,14.0,1.0,0.0,1.0,0.0,2.13,7.0,7.0,0.0,0.0,0.0,0.0,0.0,0.0,0.0,0.0,0.0,0.0,0.0,0.0,0.0,0.0,0.0,0.0,0.0,0.0,0.0,0.0
15,15.0,1.0,0.0,1.0,0.0,3.35,8.0,8.0,0.0,0.0,0.0,0.0,0.0,0.0,0.0,0.0,0.0,0.0,0.0,0.0,0.0,0.0,0.0,0.0,0.0,0.0,0.0,0.0
16,16.0,1.0,0.0,0.0,0.0,1.03,1.0,1.0,0.0,0.0,0.0,0.0,0.0,0.0,0.0,0.0,0.0,0.0,0.0,0.0,0.0,0.0,0.0,0.0,0.0,0.0,0.0,0.0
17,17.0,1.0,0.0,0.0,0.0,1.25,3.0,3.0,0.0,0.0,0.0,0.0,0.0,0.0,0.0,0.0,0.0,0.0,0.0,0.0,0.0,0.0,0.0,0.0,0.0,0.0,0.0,0.0
18,18.0,1.0,0.0,1.0,0.0,26.41,11.0,11.0,0.0,0.0,0.0,0.0,0.0,0.0,0.0,0.0,0.0,0.0,0.0,0.0,0.0,0.0,0.0,0.0,0.0,0.0,0.0,0.0
19,19.0,1.0,0.0,1.0,0.0,1.45,5.0,5.0,0.0,0.0,0.0,0.0,0.0,0.0,0.0,0.0,0.0,0.0,0.0,0.0,0.0,0.0,0.0,0.0,0.0,0.0,0.0,0.0
20,20.0,1.0,0.0,1.0,0.0,6.82,10.0,10.0,0.0,0.0,0.0,0.0,0.0,0.0,0.0,0.0,0.0,0.0,0.0,0.0,0.0,0.0,0.0,0.0,0.0,0.0,0.0,0.0
21,21.0,1.0,0.0,0.0,0.0,1.34,4.0,4.0,0.0,0.0,0.0,0.0,0.0,0.0,0.0,0.0,0.0,0.0,0.0,0.0,0.0,0.0,0.0,0.0,0.0,0.0,0.0,0.0
22,22.0,1.0,0.0,1.0,0.0,13.13,11.0,11.0,0.0,0.0,0.0,0.0,0.0,0.0,0.0,0.0,0.0,0.0,0.0,0.0,0.0,0.0,0.0,0.0,0.0,0.0,0.0,0.0
23,23.0,1.0,0.0,1.0,0.0,2.02,6.0,6.0,0.0,0.0,0.0,0.0,0.0,0.0,0.0,0.0,0.0,0.0,0.0,0.0,0.0,0.0,0.0,0.0,0.0,0.0,0.0,0.0
24,24.0,1.0,0.0,1.0,0.0,1.45,5.0,5.0,0.0,0.0,0.0,0.0,0.0,0.0,0.0,0.0,0.0,0.0,0.0,0.0,0.0,0.0,0.0,0.0,0.0,0.0,0.0,0.0
25,25.0,1.0,0.0,1.0,0.0,17.96,11.0,11.0,0.0,0.0,0.0,0.0,0.0,0.0,0.0,0.0,0.0,0.0,0.0,0.0,0.0,0.0,0.0,0.0,0.0,0.0,0.0,0.0
26,26.0,1.0,0.0,0.0,0.0,1.39,4.0,4.0,0.0,0.0,0.0,0.0,0.0,0.0,0.0,0.0,0.0,0.0,0.0,0.0,0.0,0.0,0.0,0.0,0.0,0.0,0.0,0.0
27,27.0,1.0,0.0,1.0,0.0,4.12,9.0,9.0,0.0,0.0,0.0,0.0,0.0,0.0,0.0,0.0,0.0,0.0,0.0,0.0,0.0,0.0,0.0,0.0,0.0,0.0,0.0,0.0
28,28.0,1.0,0.0,1.0,0.0,5.93,10.0,10.0,0.0,0.0,0.0,0.0,0.0,0.0,0.0,0.0,0.0,0.0,0.0,0.0,0.0,0.0,0.0,0.0,0.0,0.0,0.0,0.0
29,29.0,1.0,0.0,0.0,0.0,1.14,2.0,2.0,0.0,0.0,0.0,0.0,0.0,0.0,0.0,0.0,0.0,0.0,0.0,0.0,0.0,0.0,0.0,0.0,0.0,0.0,0.0,0.0
30,30.0,1.0,0.0,0.0,0.0,1.05,2.0,2.0,0.0,0.0,0.0,0.0,0.0,0.0,0.0,0.0,0.0,0.0,0.0,0.0,0.0,0.0,0.0,0.0,0.0,0.0,0.0,0.0
31,31.0,1.0,0.0,1.0,0.0,6.22,10.0,10.0,0.0,0.0,0.0,0.0,0.0,0.0,0.0,0.0,0.0,0.0,0.0,0.0,0.0,0.0,0.0,0.0,0.0,0.0,0.0,0.0
32,32.0,1.0,0.0,1.0,0.0,3.55,9.0,9.0,0.0,0.0,0.0,0.0,0.0,0.0,0.0,0.0,0.0,0.0,0.0,0.0,0.0,0.0,0.0,0.0,0.0,0.0,0.0,0.0
33,33.0,1.0,0.0,1.0,0.0,16.19,11.0,11.0,0.0,0.0,0.0,0.0,0.0,0.0,0.0,0.0,0.0,0.0,0.0,0.0,0.0,0.0,0.0,0.0,0.0,0.0,0.0,0.0
34,34.0,1.0,0.0,0.0,0.0,1.1,2.0,2.0,0.0,0.0,0.0,0.0,0.0,0.0,0.0,0.0,0.0,0.0,0.0,0.0,0.0,0.0,0.0,0.0,0.0,0.0,0.0,0.0
35,35.0,1.0,0.0,0.0,0.0,1.0,1.0,1.0,0.0,0.0,0.0,0.0,0.0,0.0,0.0,0.0,0.0,0.0,0.0,0.0,0.0,0.0,0.0,0.0,0.0,0.0,0.0,0.0
36,36.0,1.0,0.0,1.0,0.0,7.32,10.0,10.0,0.0,0.0,0.0,0.0,0.0,0.0,0.0,0.0,0.0,0.0,0.0,0.0,0.0,0.0,0.0,0.0,0.0,0.0,0.0,0.0
37,37.0,1.0,0.0,1.0,0.0,1.54,5.0,5.0,0.0,0.0,0.0,0.0,0.0,0.0,0.0,0.0,0.0,0.0,0.0,0.0,0.0,0.0,0.0,0.0,0.0,0.0,0.0,0.0
38,38.0,1.0,0.0,1.0,0.0,57.04,11.0,11.0,0.0,0.0,0.0,0.0,0.0,0.0,0.0,0.0,0.0,0.0,0.0,0.0,0.0,0.0,0.0,0.0,0.0,0.0,0.0,0.0
39,39.0,1.0,0.0,0.0,0.0,1.15,3.0,3.0,0.0,0.0,0.0,0.0,0.0,0.0,0.0,0.0,0.0,0.0,0.0,0.0,0.0,0.0,0.0,0.0,0.0,0.0,0.0,0.0
40,40.0,1.0,0.0,1.0,0.0,2.2,7.0,7.0,0.0,0.0,0.0,0.0,0.0,0.0,0.0,0.0,0.0,0.0,0.0,0.0,0.0,0.0,0.0,0.0,0.0,0.0,0.0,0.0
41,41.0,1.0,0.0,1.0,0.0,8.07,10.0,10.0,0.0,0.0,0.0,0.0,0.0,0.0,0.0,0.0,0.0,0.0,0.0,0.0,0.0,0.0,0.0,0.0,0.0,0.0,0.0,0.0
42,42.0,1.0,0.0,1.0,0.0,1.52,5.0,5.0,0.0,0.0,0.0,0.0,0.0,0.0,0.0,0.0,0.0,0.0,0.0,0.0,0.0,0.0,0.0,0.0,0.0,0.0,0.0,0.0
43,43.0,1.0,0.0,0.0,0.0,1.0,1.0,1.0,0.0,0.0,0.0,0.0,0.0,0.0,0.0,0.0,0.0,0.0,0.0,0.0,0.0,0.0,0.0,0.0,0.0,0.0,0.0,0.0
44,44.0,1.0,0.0,0.0,0.0,1.09,2.0,2.0,0.0,0.0,0.0,0.0,0.0,0.0,0.0,0.0,0.0,0.0,0.0,0.0,0.0,0.0,0.0,0.0,0.0,0.0,0.0,0.0
45,45.0,1.0,0.0,1.0,0.0,2.65,8.0,8.0,0.0,0.0,0.0,0.0,0.0,0.0,0.0,0.0,0.0,0.0,0.0,0.0,0.0,0.0,0.0,0.0,0.0,0.0,0.0,0.0
46,46.0,1.0,0.0,1.0,0.0,2.19,7.0,7.0,0.0,0.0,0.0,0.0,0.0,0.0,0.0,0.0,0.0,0.0,0.0,0.0,0.0,0.0,0.0,0.0,0.0,0.0,0.0,0.0
47,47.0,1.0,0.0,1.0,0.0,2.05,6.0,6.0,0.0,0.0,0.0,0.0,0.0,0.0,0.0,0.0,0.0,0.0,0.0,0.0,0.0,0.0,0.0,0.0,0.0,0.0,0.0,0.0
48,48.0,1.0,0.0,1.0,0.0,10.89,11.0,11.0,0.0,0.0,0.0,0.0,0.0,0.0,0.0,0.0,0.0,0.0,0.0,0.0,0.0,0.0,0.0,0.0,0.0,0.0,0.0,0.0
49,49.0,1.0,0.0,1.0,0.0,2.03,6.0,6.0,0.0,0.0,0.0,0.0,0.0,0.0,0.0,0.0,0.0,0.0,0.0,0.0,0.0,0.0,0.0,0.0,0.0,0.0,0.0,0.0
50,50.0,1.0,0.0,0.0,0.0,1.23,3.0,3.0,0.0,0.0,0.0,0.0,0.0,0.0,0.0,0.0,0.0,0.0,0.0,0.0,0.0,0.0,0.0,0.0,0.0,0.0,0.0,0.0
51,51.0,1.0,0.0,1.0,0.0,2.46,7.0,7.0,0.0,0.0,0.0,0.0,0.0,0.0,0.0,0.0,0.0,0.0,0.0,0.0,0.0,0.0,0.0,0.0,0.0,0.0,0.0,0.0
52,52.0,1.0,0.0,1.0,0.0,1.76,6.0,6.0,0.0,0.0,0.0,0.0,0.0,0.0,0.0,0.0,0.0,0.0,0.0,0.0,0.0,0.0,0.0,0.0,0.0,0.0,0.0,0.0
53,53.0,1.0,0.0,0.0,0.0,1.2,3.0,3.0,0.0,0.0,0.0,0.0,0.0,0.0,0.0,0.0,0.0,0.0,0.0,0.0,0.0,0.0,0.0,0.0,0.0,0.0,0.0,0.0
54,54.0,1.0,0.0,1.0,0.0,34.61,11.0,11.0,0.0,0.0,0.0,0.0,0.0,0.0,0.0,0.0,0.0,0.0,0.0,0.0,0.0,0.0,0.0,0.0,0.0,0.0,0.0,0.0
55,55.0,1.0,0.0,1.0,0.0,2.57,7.0,7.0,0.0,0.0,0.0,0.0,0.0,0.0,0.0,0.0,0.0,0.0,0.0,0.0,0.0,0.0,0.0,0.0,0.0,0.0,0.0,0.0
56,56.0,1.0,0.0,0.0,0.0,1.41,4.0,4.0,0.0,0.0,0.0,0.0,0.0,0.0,0.0,0.0,0.0,0.0,0.0,0.0,0.0,0.0,0.0,0.0,0.0,0.0,0.0,0.0
57,57.0,1.0,0.0,0.0,0.0,1.21,3.0,3.0,0.0,0.0,0.0,0.0,0.0,0.0,0.0,0.0,0.0,0.0,0.0,0.0,0.0,0.0,0.0,0.0,0.0,0.0,0.0,0.0
58,58.0,1.0,0.0,1.0,0.0,2.24,7.0,7.0,0.0,0.0,0.0,0.0,0.0,0.0,0.0,0.0,0.0,0.0,0.0,0.0,0.0,0.0,0.0,0.0,0.0,0.0,0.0,0.0
59,59.0,1.0,0.0,1.0,0.0,2.31,7.0,7.0,0.0,0.0,0.0,0.0,0.0,0.0,0.0,0.0,0.0,0.0,0.0,0.0,0.0,0.0,0.0,0.0,0.0,0.0,0.0,0.0
60,60.0,1.0,0.0,1.0,0.0,1.75,6.0,6.0,0.0,0.0,0.0,0.0,0.0,0.0,0.0,0.0,0.0,0.0,0.0,0.0,0.0,0.0,0.0,0.0,0.0,0.0,0.0,0.0
61,61.0,1.0,0.0,0.0,0.0,1.07,2.0,2.0,0.0,0.0,0.0,0.0,0.0,0.0,0.0,0.0,0.0,0.0,0.0,0.0,0.0,0.0,0.0,0.0,0.0,0.0,0.0,0.0
62,62.0,1.0,0.0,0.0,0.0,1.31,4.0,4.0,0.0,0.0,0.0,0.0,0.0,0.0,0.0,0.0,0.0,0.0,0.0,0.0,0.0,0.0,0.0,0.0,0.0,0.0,0.0,0.0
63,63.0,1.0,0.0,1.0,0.0,4.18,9.0,9.0,0.0,0.0,0.0,0.0,0.0,0.0,0.0,0.0,0.0,0.0,0.0,0.0,0.0,0.0,0.0,0.0,0.0,0.0,0.0,0.0
64,64.0,1.0,0.0,1.0,0.0,1.77,6.0,6.0,0.0,0.0,0.0,0.0,0.0,0.0,0.0,0.0,0.0,0.0,0.0,0.0,0.0,0.0,0.0,0.0,0.0,0.0,0.0,0.0
65,65.0,1.0,0.0,0.0,0.0,1.35,4.0,4.0,0.0,0.0,0.0,0.0,0.0,0.0,0.0,0.0,0.0,0.0,0.0,0.0,0.0,0.0,0.0,0.0,0.0,0.0,0.0,0.0
66,66.0,1.0,0.0,0.0,0.0,1.01,1.0,1.0,0.0,0.0,0.0,0.0,0.0,0.0,0.0,0.0,0.0,0.0,0.0,0.0,0.0,0.0,0.0,0.0,0.0,0.0,0.0,0.0
67,67.0,1.0,0.0,0.0,0.0,1.12,2.0,2.0,0.0,0.0,0.0,0.0,0.0,0.0,0.0,0.0,0.0,0.0,0.0,0.0,0.0,0.0,0.0,0.0,0.0,0.0,0.0,0.0
68,68.0,1.0,0.0,1.0,0.0,3.06,8.0,8.0,0.0,0.0,0.0,0.0,0.0,0.0,0.0,0.0,0.0,0.0,0.0,0.0,0.0,0.0,0.0,0.0,0.0,0.0,0.0,0.0
69,69.0,1.0,0.0,0.0,0.0,1.24,3.0,3.0,0.0,0.0,0.0,0.0,0.0,0.0,0.0,0.0,0.0,0.0,0.0,0.0,0.0,0.0,0.0,0.0,0.0,0.0,0.0,0.0
70,70.0,1.0,0.0,1.0,0.0,1.85,6.0,6.0,0.0,0.0,0.0,0.0,0.0,0.0,0.0,0.0,0.0,0.0,0.0,0.0,0.0,0.0,0.0,0.0,0.0,0.0,0.0,0.0
71,71.0,1.0,0.0,1.0,0.0,1.64,5.0,5.0,0.0,0.0,0.0,0.0,0.0,0.0,0.0,0.0,0.0,0.0,0.0,0.0,0.0,0.0,0.0,0.0,0.0,0.0,0.0,0.0
72,72.0,1.0,0.0,0.0,0.0,1.17,3.0,3.0,0.0,0.0,0.0,0.0,0.0,0.0,0.0,0.0,0.0,0.0,0.0,0.0,0.0,0.0,0.0,0.0,0.0,0.0,0.0,0.0
73,73.0,1.0,0.0,0.0,0.0,1.26,3.0,3.0,0.0,0.0,0.0,0.0,0.0,0.0,0.0,0.0,0.0,0.0,0.0,0.0,0.0,0.0,0.0,0.0,0.0,0.0,0.0,0.0
74,74.0,1.0,0.0,1.0,0.0,41.14,11.0,11.0,0.0,0.0,0.0,0.0,0.0,0.0,0.0,0.0,0.0,0.0,0.0,0.0,0.0,0.0,0.0,0.0,0.0,0.0,0.0,0.0
75,75.0,1.0,0.0,0.0,0.0,1.05,2.0,2.0,0.0,0.0,0.0,0.0,0.0,0.0,0.0,0.0,0.0,0.0,0.0,0.0,0.0,0.0,0.0,0.0,0.0,0.0,0.0,0.0
76,76.0,1.0,0.0,1.0,0.0,9.47,10.0,10.0,0.0,0.0,0.0,0.0,0.0,0.0,0.0,0.0,0.0,0.0,0.0,0.0,0.0,0.0,0.0,0.0,0.0,0.0,0.0,0.0
77,77.0,1.0,0.0,0.0,0.0,1.31,4.0,4.0,0.0,0.0,0.0,0.0,0.0,0.0,0.0,0.0,0.0,0.0,0.0,0.0,0.0,0.0,0.0,0.0,0.0,0.0,0.0,0.0
78,78.0,1.0,0.0,1.0,0.0,3.67,9.0,9.0,0.0,0.0,0.0,0.0,0.0,0.0,0.0,0.0,0.0,0.0,0.0,0.0,0.0,0.0,0.0,0.0,0.0,0.0,0.0,0.0
79,79.0,1.0,0.0,0.0,0.0,1.26,3.0,3.0,0.0,0.0,0.0,0.0,0.0,0.0,0.0,0.0,0.0,0.0,0.0,0.0,0.0,0.0,0.0,0.0,0.0,0.0,0.0,0.0
80,80.0,1.0,0.0,1.0,0.0,16.38,11.0,11.0,0.0,0.0,0.0,0.0,0.0,0.0,0.0,0.0,0.0,0.0,0.0,0.0,0.0,0.0,0.0,0.0,0.0,0.0,0.0,0.0
81,81.0,1.0,0.0,0.0,0.0,1.14,2.0,2.0,6.275,3.2556681341930416,6.275,1.9274077520666395,,0.0,0.0,0.0,0.0,0.0,0.0,0.0,0.0,0.0,0.0,0.0,0.0,0.0,0.0,0.0
82,82.0,1.0,1.0,1.0,1.0,1.64,5.0,5.0,6.2375,3.287262348824626,6.246875,1.897475570281223,24.749999999999996,0.0,0.0,0.0,0.0,0.0,0.0,0.0,0.0,0.0,0.0,0.0,0.0,0.0,0.0,0.0
83,83.0,1.0,0.0,0.0,1.0,1.36,4.0,4.0,6.1625,3.245934957758704,6.199999999999999,1.8985284918509777,-22.968750000000004,0.0,0.0,0.0,0.0,0.0,0.0,0.0,0.0,0.0,0.0,0.0,0.0,0.0,0.0,0.0
84,84.0,1.0,0.0,0.0,1.0,1.0,1.0,1.0,6.1375,3.254780138503982,6.15625,1.8856880461428107,-16.306818181818176,0.0,0.0,0.0,0.0,0.0,0.0,0.0,0.0,0.0,0.0,0.0,0.0,0.0,0.0,0.0
85,85.0,1.0,1.0,1.0,2.0,1.84,6.0,6.0,6.1375,3.254780138503982,6.1375,1.8856880461428107,6.739130434782611,0.0,0.0,0.0,0.0,0.0,0.0,0.0,0.0,0.0,0.0,0.0,0.0,0.0,0.0,0.0
86,86.0,1.0,1.0,1.0,3.0,2.78,8.0,8.0,6.1125,3.248052300995167,6.1375,1.8818970366108938,-1.4112903225806508,0.0,0.0,0.0,0.0,0.0,0.0,0.0,0.0,0.0,0.0,0.0,0.0,0.0,0.0,0.0
87,87.0,1.0,0.0,1.0,3.0,1.7,6.0,6.0,6.15,3.252306873589883,6.1375,1.8909654712907382,2.500000000000006,0.0,0.0,0.0,0.0,0.0,0.0,0.0,0.0,0.0,0.0,0.0,0.0,0.0,0.0,0.0
88,88.0,1.0,0.0,0.0,3.0,1.31,4.0,4.0,6.0875,3.2062195417656603,6.13125,1.8986535141157623,-9.335106382978719,0.0,0.0,0.0,0.0,0.0,0.0,0.0,0.0,0.0,0.0,0.0,0.0,0.0,0.0,0.0
89,89.0,1.0,0.0,1.0,3.0,1.62,5.0,5.0,6.05,3.2128647652834688,6.1125,1.8830546698924666,-10.370370370370372,0.0,0.0,0.0,0.0,0.0,0.0,0.0,0.0,0.0,0.0,0.0,0.0,0.0,0.0,0.0
90,90.0,1.0,0.0,1.0,3.0,7.76,10.0,10.0,6.0625,3.2068042893198205,6.09375,1.8905113792541068,-5.926724137931037,0.0,0.0,0.0,0.0,0.0,0.0,0.0,0.0,0.0,0.0,0.0,0.0,0.0,0.0,0.0
91,91.0,1.0,0.0,1.0,3.0,4.59,9.0,9.0,6.0875,3.2295268616315917,6.0875,1.8849510348783816,-7.765151515151506,0.0,0.0,0.0,0.0,0.0,0.0,0.0,0.0,0.0,0.0,0.0,0.0,0.0,0.0,0.0
92,92.0,1.0,0.0,1.0,3.0,2.32,7.0,7.0,6.0625,3.198998866833185,6.081250000000001,1.8951241473872442,-13.392857142857142,0.0,0.0,0.0,0.0,0.0,0.0,0.0,0.0,0.0,0.0,0.0,0.0,0.0,0.0,0.0
93,93.0,1.0,0.0,1.0,3.0,21.86,11.0,11.0,6.0125,3.1523552702701516,6.0625,1.9073040582398375,-18.01136363636363,0.0,0.0,0.0,0.0,0.0,0.0,0.0,0.0,0.0,0.0,0.0,0.0,0.0,0.0,0.0
94,94.0,1.0,0.0,1.0,3.0,3.57,9.0,9.0,6.025,3.170074920250309,6.0625,1.9005859960950913,-20.07653061224489,0.0,0.0,0.0,0.0,0.0,0.0,0.0,0.0,0.0,0.0,0.0,0.0,0.0,0.0,0.0
95,95.0,1.0,0.0,1.0,3.0,15.58,11.0,11.0,6.05,3.185514087239295,6.05625,1.8992224910369784,-19.333333333333336,0.0,0.0,0.0,0.0,0.0,0.0,0.0,0.0,0.0,0.0,0.0,0.0,0.0,0.0,0.0
96,96.0,1.0,0.0,1.0,3.0,2.04,6.0,6.0,6.0875,3.225654003454183,6.059375,1.887214187721689,-19.19247787610619,0.0,0.0,0.0,0.0,0.0,0.0,0.0,0.0,0.0,0.0,0.0,0.0,0.0,0.0,0.0
97,97.0,1.0,0.0,1.0,3.0,181.67,11.0,11.0,6.15,3.174507835869995,6.0625,1.9373081806599326,-13.684210526315784,0.0,0.0,0.0,0.0,0.0,0.0,0.0,0.0,0.0,0.0,0.0,0.0,0.0,0.0,0.0
98,98.0,1.0,0.0,1.0,3.0,16.35,11.0,11.0,6.25,3.1996093511552313,6.0625,1.953363462243731,-9.188034188034193,0.0,0.0,0.0,0.0,0.0,0.0,0.0,0.0,0.0,0.0,0.0,0.0,0.0,0.0,0.0
99,99.0,1.0,0.0,0.0,3.0,1.04,1.0,1.0,6.25,3.1996093511552313,6.0625,1.953363462243731,-12.109374999999995,0.0,0.0,0.0,0.0,0.0,0.0,0.0,0.0,0.0,0.0,0.0,0.0,0.0,0.0,0.0
100,100.0,1.0,0.0,1.0,3.0,3.86,9.0,9.0,6.2,3.249615361854384,6.0625,1.9079181101796574,-11.428571428571425,0.0,0.0,0.0,0.0,0.0,0.0,0.0,0.0,0.0,0.0,0.0,0.0,0.0,0.0,0.0
101,101.0,1.0,0.0,1.0,3.0,9.72,10.0,10.0,6.1875,3.236872526065863,6.0625,1.9115674003759326,-13.461538461538467,0.0,0.0,0.0,0.0,0.0,0.0,0.0,0.0,0.0,0.0,0.0,0.0,0.0,0.0,0.0
102,102.0,1.0,0.0,0.0,3.0,1.07,2.0,2.0,6.2625,3.254780138503982,6.06875,1.9240930979990798,-10.535714285714283,0.0,0.0,0.0,0.0,0.0,0.0,0.0,0.0,0.0,0.0,0.0,0.0,0.0,0.0,0.0
103,103.0,1.0,0.0,1.0,3.0,2.0,6.0,6.0,6.15,3.2446109165815242,6.075,1.8954506898101522,-14.36708860759493,0.0,0.0,0.0,0.0,0.0,0.0,0.0,0.0,0.0,0.0,0.0,0.0,0.0,0.0,0.0
104,104.0,1.0,0.0,1.0,3.0,2.48,7.0,7.0,6.15,3.2446109165815242,6.081250000000001,1.8954506898101522,-13.74999999999999,0.0,0.0,0.0,0.0,0.0,0.0,0.0,0.0,0.0,0.0,0.0,0.0,0.0,0.0,0.0
105,105.0,1.0,0.0,0.0,3.0,1.02,1.0,1.0,6.175,3.2433585987368097,6.0875,1.9038906158588125,-12.307692307692314,0.0,0.0,0.0,0.0,0.0,0.0,0.0,0.0,0.0,0.0,0.0,0.0,0.0,0.0,0.0
106,106.0,1.0,0.0,1.0,3.0,1.45,5.0,5.0,6.05,3.247691487810996,6.06875,1.862861673501448,-15.972222222222227,0.0,0.0,0.0,0.0,0.0,0.0,0.0,0.0,0.0,0.0,0.0,0.0,0.0,0.0,0.0
107,107.0,1.0,0.0,0.0,3.0,1.01,1.0,1.0,6.0625,3.2416961224025918,6.0625,1.8701629551590302,-14.334239130434778,0.0,0.0,0.0,0.0,0.0,0.0,0.0,0.0,0.0,0.0,0.0,0.0,0.0,0.0,0.0
108,108.0,1.0,0.0,1.0,3.0,8.07,10.0,10.0,5.9625,3.2727807366213826,6.0625,1.821845237990284,-16.58678756476683,0.0,0.0,0.0,0.0,0.0,0.0,0.0,0.0,0.0,0.0,0.0,0.0,0.0,0.0,0.0
109,109.0,1.0,0.0,1.0,3.0,3.58,9.0,9.0,5.9625,3.2727807366213826,6.0625,1.821845237990284,-17.758620689655167,0.0,0.0,0.0,0.0,0.0,0.0,0.0,0.0,0.0,0.0,0.0,0.0,0.0,0.0,0.0
110,110.0,1.0,0.0,1.0,3.0,2.23,7.0,7.0,6.05,3.2592176975464526,6.053125,1.8562736709960967,-14.414634146341463,0.0,0.0,0.0,0.0,0.0,0.0,0.0,0.0,0.0,0.0,0.0,0.0,0.0,0.0,0.0
111,111.0,1.0,0.0,0.0,3.0,1.07,2.0,2.0,6.1125,3.228752661632662,6.05625,1.8931459422813552,-11.413043478260878,0.0,0.0,0.0,0.0,0.0,0.0,0.0,0.0,0.0,0.0,0.0,0.0,0.0,0.0,0.0
112,112.0,1.0,0.0,1.0,3.0,1.91,6.0,6.0,6.0125,3.2306878137635024,6.05,1.8610588043776042,-14.107142857142854,0.0,0.0,0.0,0.0,0.0,0.0,0.0,0.0,0.0,0.0,0.0,0.0,0.0,0.0,0.0
113,113.0,1.0,0.0,1.0,3.0,1.77,6.0,6.0,5.975,3.213156547695739,6.05,1.8595421391107974,-15.398230088495579,0.0,0.0,0.0,0.0,0.0,0.0,0.0,0.0,0.0,0.0,0.0,0.0,0.0,0.0,0.0
114,114.0,1.0,0.0,0.0,3.0,1.03,1.0,1.0,5.9125,3.1630434315702964,6.05,1.8692440138467312,-17.674050632911396,0.0,0.0,0.0,0.0,0.0,0.0,0.0,0.0,0.0,0.0,0.0,0.0,0.0,0.0,0.0
115,115.0,1.0,0.0,1.0,3.0,1.71,6.0,6.0,5.9,3.18040877875785,6.05,1.8551074438627106,-16.066945606694556,0.0,0.0,0.0,0.0,0.0,0.0,0.0,0.0,0.0,0.0,0.0,0.0,0.0,0.0,0.0
116,116.0,1.0,0.0,0.0,3.0,1.2,3.0,3.0,5.9625,3.132266551556556,6.04375,1.9035736269114714,-13.046874999999991,0.0,0.0,0.0,0.0,0.0,0.0,0.0,0.0,0.0,0.0,0.0,0.0,0.0,0.0,0.0
117,117.0,1.0,0.0,0.0,3.0,1.0,1.0,1.0,5.875,3.1159870025402867,6.025,1.8854379030498032,-15.400000000000002,0.0,0.0,0.0,0.0,0.0,0.0,0.0,0.0,0.0,0.0,0.0,0.0,0.0,0.0,0.0
118,118.0,1.0,0.0,0.0,3.0,1.26,3.0,3.0,5.825,3.161388144470717,6.015625,1.842545025731166,-15.480392156862747,0.0,0.0,0.0,0.0,0.0,0.0,0.0,0.0,0.0,0.0,0.0,0.0,0.0,0.0,0.0
119,119.0,1.0,0.0,1.0,3.0,4.7,9.0,9.0,5.725,3.1223989174991718,6.0125,1.8335261288731592,-18.21428571428572,0.0,0.0,0.0,0.0,0.0,0.0,0.0,0.0,0.0,0.0,0.0,0.0,0.0,0.0,0.0
120,120.0,1.0,0.0,1.0,3.0,2.67,8.0,8.0,5.8,3.1280984639234104,6.003125,1.8541615831124967,-15.91078066914499,0.0,0.0,0.0,0.0,0.0,0.0,0.0,0.0,0.0,0.0,0.0,0.0,0.0,0.0,0.0
121,121.0,1.0,0.0,1.0,3.0,2.38,7.0,7.0,5.8125,3.1348594466100073,5.975,1.8541501139024128,-15.760869565217394,0.0,0.0,0.0,0.0,0.0,0.0,0.0,0.0,0.0,0.0,0.0,0.0,0.0,0.0,0.0
122,122.0,1.0,0.0,1.0,3.0,1.48,5.0,5.0,5.775,3.1023176819919653,5.965625,1.8615114865644367,-17.211538461538456,0.0,0.0,0.0,0.0,0.0,0.0,0.0,0.0,0.0,0.0,0.0,0.0,0.0,0.0,0.0
123,123.0,1.0,0.0,1.0,3.0,2.24,7.0,7.0,5.775,3.1023176819919653,5.9625,1.8615114865644367,-16.649484536082472,0.0,0.0,0.0,0.0,0.0,0.0,0.0,0.0,0.0,0.0,0.0,0.0,0.0,0.0,0.0
124,124.0,1.0,0.0,1.0,3.0,5.54,10.0,10.0,5.85,3.0581857366746057,5.9625,1.9128988569416137,-13.852739726027396,0.0,0.0,0.0,0.0,0.0,0.0,0.0,0.0,0.0,0.0,0.0,0.0,0.0,0.0,0.0
125,125.0,1.0,0.0,1.0,3.0,1.68,5.0,5.0,5.95,3.0614539029683265,5.9625,1.9435210160215037,-10.952380952380949,0.0,0.0,0.0,0.0,0.0,0.0,0.0,0.0,0.0,0.0,0.0,0.0,0.0,0.0,0.0
126,126.0,1.0,0.0,0.0,3.0,1.33,4.0,4.0,5.9125,3.05447929277643,5.953125,1.9356818080196296,-11.899834437086101,0.0,0.0,0.0,0.0,0.0,0.0,0.0,0.0,0.0,0.0,0.0,0.0,0.0,0.0,0.0
127,127.0,1.0,0.0,1.0,3.0,1.77,6.0,6.0,5.875,3.059309562630104,5.93125,1.9203679391467767,-12.540453074433659,0.0,0.0,0.0,0.0,0.0,0.0,0.0,0.0,0.0,0.0,0.0,0.0,0.0,0.0,0.0
128,128.0,1.0,0.0,0.0,3.0,1.01,1.0,1.0,5.875,3.059309562630104,5.9125,1.9203679391467767,-12.341269841269838,0.0,0.0,0.0,0.0,0.0,0.0,0.0,0.0,0.0,0.0,0.0,0.0,0.0,0.0,0.0
129,129.0,1.0,0.0,1.0,3.0,1.91,6.0,6.0,5.75,3.0516389039334255,5.9125,1.8842334171937931,-15.33742331288344,0.0,0.0,0.0,0.0,0.0,0.0,0.0,0.0,0.0,0.0,0.0,0.0,0.0,0.0,0.0
130,130.0,1.0,0.0,1.0,3.0,5.69,10.0,10.0,5.75,3.0516389039334255,5.903125,1.8842334171937931,-15.135542168674704,0.0,0.0,0.0,0.0,0.0,0.0,0.0,0.0,0.0,0.0,0.0,0.0,0.0,0.0,0.0
131,131.0,1.0,0.0,1.0,3.0,2.02,6.0,6.0,5.8375,3.071822545330378,5.8875,1.9003376379517298,-12.873134328358207,0.0,0.0,0.0,0.0,0.0,0.0,0.0,0.0,0.0,0.0,0.0,0.0,0.0,0.0,0.0
132,132.0,1.0,0.0,0.0,3.0,1.08,2.0,2.0,5.825,3.0691000309536998,5.875,1.8979505201040727,-13.1359649122807,0.0,0.0,0.0,0.0,0.0,0.0,0.0,0.0,0.0,0.0,0.0,0.0,0.0,0.0,0.0
133,133.0,1.0,0.0,1.0,3.0,1.62,5.0,5.0,5.775,3.098285816382988,5.875,1.8639339112819073,-13.706896551724135,0.0,0.0,0.0,0.0,0.0,0.0,0.0,0.0,0.0,0.0,0.0,0.0,0.0,0.0,0.0
134,134.0,1.0,0.0,1.0,3.0,10.15,11.0,11.0,5.8,3.083828789021855,5.875,1.8807788618640124,-12.421652421652425,0.0,0.0,0.0,0.0,0.0,0.0,0.0,0.0,0.0,0.0,0.0,0.0,0.0,0.0,0.0
135,135.0,1.0,0.0,0.0,3.0,1.16,3.0,3.0,5.8,3.083828789021855,5.8625,1.8807788618640124,-13.480662983425413,0.0,0.0,0.0,0.0,0.0,0.0,0.0,0.0,0.0,0.0,0.0,0.0,0.0,0.0,0.0
136,136.0,1.0,0.0,1.0,3.0,1.7,6.0,6.0,5.75,3.096368841078207,5.846875,1.8570139072959262,-14.29539295392954,0.0,0.0,0.0,0.0,0.0,0.0,0.0,0.0,0.0,0.0,0.0,0.0,0.0,0.0,0.0
137,137.0,1.0,0.0,1.0,3.0,6.79,10.0,10.0,5.775,3.090206303792677,5.8375,1.8688072679523753,-13.297587131367287,0.0,0.0,0.0,0.0,0.0,0.0,0.0,0.0,0.0,0.0,0.0,0.0,0.0,0.0,0.0
138,138.0,1.0,0.0,1.0,3.0,2.27,7.0,7.0,5.8625,3.109436243115462,5.840625,1.885390000512163,-11.126994680851068,0.0,0.0,0.0,0.0,0.0,0.0,0.0,0.0,0.0,0.0,0.0,0.0,0.0,0.0,0.0
139,139.0,1.0,0.0,1.0,3.0,1.7,6.0,6.0,5.8625,3.109436243115462,5.84375,1.885390000512163,-11.220626631853795,0.0,0.0,0.0,0.0,0.0,0.0,0.0,0.0,0.0,0.0,0.0,0.0,0.0,0.0,0.0
140,140.0,1.0,0.0,0.0,3.0,1.0,1.0,1.0,5.85,3.1068472765811967,5.846875,1.8829377433825436,-11.500000000000007,0.0,0.0,0.0,0.0,0.0,0.0,0.0,0.0,0.0,0.0,0.0,0.0,0.0,0.0,0.0
141,141.0,1.0,0.0,1.0,3.0,2.54,7.0,7.0,5.7875,3.153148228358445,5.8375,1.8354671524633714,-12.31060606060606,0.0,0.0,0.0,0.0,0.0,0.0,0.0,0.0,0.0,0.0,0.0,0.0,0.0,0.0,0.0
142,142.0,1.0,0.0,1.0,3.0,2.57,7.0,7.0,5.85,3.126899422750914,5.840625,1.8708628609657731,-10.339195979899499,0.0,0.0,0.0,0.0,0.0,0.0,0.0,0.0,0.0,0.0,0.0,0.0,0.0,0.0,0.0
143,143.0,1.0,0.0,0.0,3.0,1.02,1.0,1.0,5.8875,3.122473979074926,5.84375,1.8855241194817738,-9.197761194029843,0.0,0.0,0.0,0.0,0.0,0.0,0.0,0.0,0.0,0.0,0.0,0.0,0.0,0.0,0.0
144,144.0,1.0,0.0,0.0,3.0,1.16,3.0,3.0,5.7875,3.1491814412637456,5.8343750000000005,1.837779152438265,-11.286496350364967,0.0,0.0,0.0,0.0,0.0,0.0,0.0,0.0,0.0,0.0,0.0,0.0,0.0,0.0,0.0
145,145.0,1.0,0.0,0.0,3.0,1.13,2.0,2.0,5.75,3.164253466459348,5.825,1.8171742753699127,-11.750599520383693,0.0,0.0,0.0,0.0,0.0,0.0,0.0,0.0,0.0,0.0,0.0,0.0,0.0,0.0,0.0
146,146.0,1.0,0.0,0.0,3.0,1.0,1.0,1.0,5.725,3.185808374651558,5.825,1.7970321270896155,-11.609263657957252,0.0,0.0,0.0,0.0,0.0,0.0,0.0,0.0,0.0,0.0,0.0,0.0,0.0,0.0,0.0
147,147.0,1.0,0.0,1.0,3.0,2.41,7.0,7.0,5.725,3.185808374651558,5.81875,1.7970321270896155,-10.462085308056873,0.0,0.0,0.0,0.0,0.0,0.0,0.0,0.0,0.0,0.0,0.0,0.0,0.0,0.0,0.0
148,148.0,1.0,0.0,1.0,3.0,7.0,10.0,10.0,5.7875,3.1610668689542143,5.809375,1.8308692096458865,-8.546580188679245,0.0,0.0,0.0,0.0,0.0,0.0,0.0,0.0,0.0,0.0,0.0,0.0,0.0,0.0,0.0
149,149.0,1.0,0.0,0.0,3.0,1.27,3.0,3.0,5.8125,3.1862742741327215,5.8125,1.8242309041590954,-8.50694444444444,0.0,0.0,0.0,0.0,0.0,0.0,0.0,0.0,0.0,0.0,0.0,0.0,0.0,0.0,0.0
150,150.0,1.0,0.0,1.0,3.0,3.15,8.0,8.0,5.8125,3.1862742741327215,5.8125,1.8242309041590954,-7.801724137931028,0.0,0.0,0.0,0.0,0.0,0.0,0.0,0.0,0.0,0.0,0.0,0.0,0.0,0.0,0.0
151,151.0,1.0,0.0,0.0,3.0,1.11,2.0,2.0,5.8375,3.195480206479145,5.8125,1.8267989856935758,-7.341269841269833,0.0,0.0,0.0,0.0,0.0,0.0,0.0,0.0,0.0,0.0,0.0,0.0,0.0,0.0,0.0
152,152.0,1.0,0.0,1.0,3.0,19.35,11.0,11.0,5.8,3.222576608864404,5.809375,1.7998020540600423,-7.668161434977576,0.0,0.0,0.0,0.0,0.0,0.0,0.0,0.0,0.0,0.0,0.0,0.0,0.0,0.0,0.0
153,153.0,1.0,0.0,1.0,3.0,2.91,8.0,8.0,5.9,3.258066911528982,5.8125,1.810889757703344,-5.389755011135846,0.0,0.0,0.0,0.0,0.0,0.0,0.0,0.0,0.0,0.0,0.0,0.0,0.0,0.0,0.0
154,154.0,1.0,0.0,1.0,3.0,1.51,5.0,5.0,5.9625,3.2497836466448042,5.8125,1.8347375235751167,-3.7029867256637097,0.0,0.0,0.0,0.0,0.0,0.0,0.0,0.0,0.0,0.0,0.0,0.0,0.0,0.0,0.0
155,155.0,1.0,0.0,1.0,3.0,2.99,8.0,8.0,5.8875,3.2015377164731325,5.8125,1.8389600627556464,-5.90172786177106,0.0,0.0,0.0,0.0,0.0,0.0,0.0,0.0,0.0,0.0,0.0,0.0,0.0,0.0,0.0
156,156.0,1.0,0.0,0.0,3.0,1.02,1.0,1.0,5.9625,3.1797946081468846,5.8125,1.8751211115094053,-3.83064516129032,0.0,0.0,0.0,0.0,0.0,0.0,0.0,0.0,0.0,0.0,0.0,0.0,0.0,0.0,0.0
157,157.0,1.0,0.0,0.0,3.0,1.44,4.0,4.0,5.85,3.194135250736888,5.8125,1.8314816188983867,-6.400000000000006,0.0,0.0,0.0,0.0,0.0,0.0,0.0,0.0,0.0,0.0,0.0,0.0,0.0,0.0,0.0
158,158.0,1.0,0.0,1.0,3.0,2.16,7.0,7.0,5.85,3.194135250736888,5.8125,1.8314816188983867,-5.960334029227566,0.0,0.0,0.0,0.0,0.0,0.0,0.0,0.0,0.0,0.0,0.0,0.0,0.0,0.0,0.0
159,159.0,1.0,0.0,1.0,3.0,2.57,7.0,7.0,5.825,3.1771646164465577,5.8125,1.8333957170009234,-6.895491803278684,0.0,0.0,0.0,0.0,0.0,0.0,0.0,0.0,0.0,0.0,0.0,0.0,0.0,0.0,0.0
160,160.0,1.0,0.0,0.0,3.0,1.38,4.0,4.0,5.875,3.1637596305661404,5.8125,1.8569678755742565,-5.473523421588598,0.0,0.0,0.0,0.0,0.0,0.0,0.0,0.0,0.0,0.0,0.0,0.0,0.0,0.0,0.0
161,161.0,1.0,0.0,0.0,3.0,1.0,1.0,1.0,5.7875,3.1172654282239107,5.8125,1.856595190001988,-7.7689243027888555,6.03125,3.1965252130242927,0.0,0.5299938177035096,,0.0,0.0,0.0,0.0,0.0,0.0,0.0,0.0,0.0,0.0
162,162.0,1.0,0.0,0.0,3.0,1.1,2.0,2.0,5.775,3.1343859047666736,5.8125,1.842466172151159,-7.414829659318629,6.00625,3.220048281858519,0.0,0.5361162592064131,20.124999999999993,0.0,0.0,0.0,0.0,0.0,0.0,0.0,0.0,0.0,0.0
163,163.0,1.0,0.0,1.0,3.0,13.67,11.0,11.0,5.7375,3.161264580828375,5.80625,1.8149382480654468,-6.896551724137928,5.95,3.210918871600464,0.0,0.5396502305210864,-25.624999999999996,0.0,0.0,0.0,0.0,0.0,0.0,0.0,0.0,0.0,0.0
164,164.0,1.0,0.0,1.0,3.0,7.45,10.0,10.0,5.825,3.2084848449073275,5.809375,1.8154986797727097,-5.091649694501018,5.98125,3.2354904477528597,0.0,0.5409388418395585,-18.437499999999996,0.0,0.0,0.0,0.0,0.0,0.0,0.0,0.0,0.0,0.0
165,165.0,1.0,0.0,1.0,3.0,6.9,10.0,10.0,5.9375,3.1950890050200482,5.8125,1.8583206886165426,-3.258655804480654,6.0375,3.226622653797621,0.0,0.5344302532169972,4.999999999999994,0.0,0.0,0.0,0.0,0.0,0.0,0.0,0.0,0.0,0.0
166,166.0,1.0,0.0,1.0,3.0,2.23,7.0,7.0,5.9875,3.2268163489730863,5.8125,1.8555440881863274,-2.044989775051125,6.05,3.2380549717384355,0.0,0.5352156978080059,-2.4193548387096833,0.0,0.0,0.0,0.0,0.0,0.0,0.0,0.0,0.0,0.0
167,167.0,1.0,0.0,1.0,3.0,3.17,8.0,8.0,5.975,3.220927661404397,5.8125,1.8550556324493066,-2.845528455284564,6.0625,3.237837820212742,0.0,0.5340763414783904,1.0416666666666665,0.0,0.0,0.0,0.0,0.0,0.0,0.0,0.0,0.0,0.0
168,168.0,1.0,0.0,0.0,3.0,1.07,2.0,2.0,6.0,3.228776858192588,5.8125,1.8582888392475327,-1.437371663244359,6.04375,3.2178153982943147,0.0,0.5324203347746539,-9.986702127659573,0.0,0.0,0.0,0.0,0.0,0.0,0.0,0.0,0.0,0.0
169,169.0,1.0,0.0,1.0,3.0,1.52,5.0,5.0,5.975,3.2518264098810685,5.8125,1.8374289543390872,-1.2396694214876063,6.0125,3.2326218074497985,0.0,0.5376501966652472,-10.925925925925924,0.0,0.0,0.0,0.0,0.0,0.0,0.0,0.0,0.0,0.0
170,170.0,1.0,0.0,1.0,3.0,26.45,11.0,11.0,5.975,3.2518264098810685,5.8125,1.8374289543390872,-1.4432989690721707,6.01875,3.2296901457415386,0.0,0.536604800953942,-6.605603448275868,0.0,0.0,0.0,0.0,0.0,0.0,0.0,0.0,0.0,0.0
171,171.0,1.0,0.0,1.0,3.0,8.44,10.0,10.0,5.9875,3.2691503100958816,5.8125,1.8315156637213146,-1.6427104722792696,6.0375,3.2497836466448042,0.0,0.5382664425084562,-8.522727272727273,0.0,0.0,0.0,0.0,0.0,0.0,0.0,0.0,0.0,0.0
172,172.0,1.0,0.0,1.0,3.0,1.56,5.0,5.0,6.0,3.2825295124339706,5.8125,1.827858661216132,-1.0309278350515463,6.03125,3.241183956133931,0.0,0.5373983761465585,-13.839285714285715,0.0,0.0,0.0,0.0,0.0,0.0,0.0,0.0,0.0,0.0
173,173.0,1.0,0.0,1.0,3.0,1.69,5.0,5.0,5.975,3.282434310081468,5.8125,1.820295377016,-0.6237006237006326,5.99375,3.2181067318378362,0.0,0.5369104036434346,-18.267045454545446,0.0,0.0,0.0,0.0,0.0,0.0,0.0,0.0,0.0,0.0
174,174.0,1.0,0.0,0.0,3.0,1.1,2.0,2.0,5.9,3.2349652239243625,5.815625,1.8238217698187997,-2.0746887966804977,5.9625,3.203294202848062,0.0,0.5372401178780817,-20.905612244897952,0.0,0.0,0.0,0.0,0.0,0.0,0.0,0.0,0.0,0.0
175,175.0,1.0,1.0,1.0,4.0,6.99,10.0,10.0,5.8125,3.2445868381043526,5.8125,1.7914453488309003,-3.925619834710741,5.93125,3.2173783485160707,0.0,0.5424452431639318,-20.91666666666666,0.0,0.0,0.0,0.0,0.0,0.0,0.0,0.0,0.0,0.0
176,176.0,1.0,0.0,1.0,4.0,90.79,11.0,11.0,5.8,3.2264531609803355,5.8125,1.7976396093838567,-4.722792607802883,5.94375,3.2292547031010113,0.0,0.5433025788603174,-21.100663716814164,0.0,0.0,0.0,0.0,0.0,0.0,0.0,0.0,0.0,0.0
177,177.0,1.0,0.0,0.0,4.0,1.22,3.0,3.0,5.8625,3.277742172593811,5.8125,1.788578750646749,-4.674796747967488,6.00625,3.229738524633225,0.0,0.5377296190856566,-15.701754385964916,0.0,0.0,0.0,0.0,0.0,0.0,0.0,0.0,0.0,0.0
178,178.0,1.0,0.0,1.0,4.0,14.61,11.0,11.0,5.7625,3.2413104988569055,5.8125,1.7778302948860432,-7.799999999999997,6.00625,3.229738524633225,0.0,0.5377296190856566,-12.729700854700866,0.0,0.0,0.0,0.0,0.0,0.0,0.0,0.0,0.0,0.0
179,179.0,1.0,0.0,1.0,4.0,2.12,7.0,7.0,5.7625,3.241310498856905,5.8125,1.7778302948860434,-7.799999999999997,6.00625,3.229738524633225,0.0,0.5377296190856566,-15.537109375,0.0,0.0,0.0,0.0,0.0,0.0,0.0,0.0,0.0,0.0
180,180.0,1.0,0.0,0.0,4.0,1.08,2.0,2.0,5.8375,3.1993895902187344,5.8125,1.8245667916925694,-5.846774193548384,6.01875,3.2296901457415386,0.0,0.536604800953942,-14.017857142857146,0.0,0.0,0.0,0.0,0.0,0.0,0.0,0.0,0.0,0.0
181,181.0,1.0,0.0,0.0,4.0,1.32,4.0,4.0,5.75,3.207413287993925,5.8125,1.7927218863635546,-7.07070707070707,5.96875,3.229593385784037,0.0,0.5410837086130323,-16.520979020979027,0.0,0.0,0.0,0.0,0.0,0.0,0.0,0.0,0.0,0.0
182,182.0,1.0,0.0,1.0,4.0,1.5,5.0,5.0,5.675,3.1771646164465572,5.803125,1.7861838101253633,-9.381237524950105,5.96875,3.229593385784037,0.0,0.5410837086130323,-14.732142857142858,0.0,0.0,0.0,0.0,0.0,0.0,0.0,0.0,0.0,0.0
183,183.0,1.0,0.0,1.0,4.0,1.64,5.0,5.0,5.7125,3.151165459000844,5.8,1.81282134319005,-7.113821138211382,5.93125,3.205701707504926,0.0,0.5404765787152668,-17.412974683544295,0.0,0.0,0.0,0.0,0.0,0.0,0.0,0.0,0.0,0.0
184,184.0,1.0,0.0,1.0,4.0,2.01,6.0,6.0,5.7,3.1519835024948972,5.8,1.8083850995692918,-7.317073170731709,5.925,3.206536293261001,0.0,0.5411875600440509,-16.905487804878046,0.0,0.0,0.0,0.0,0.0,0.0,0.0,0.0,0.0,0.0
185,185.0,1.0,0.0,0.0,4.0,1.22,3.0,3.0,5.6875,3.1487844877031517,5.8,1.8062525467243673,-7.89473684210526,5.93125,3.205701707504926,0.0,0.5404765787152668,-15.769230769230768,0.0,0.0,0.0,0.0,0.0,0.0,0.0,0.0,0.0,0.0
186,186.0,1.0,0.0,0.0,4.0,1.01,1.0,1.0,5.7125,3.119269746270752,5.8,1.8313581269557047,-5.578512396694206,5.88125,3.188596625084459,0.0,0.5421630818422034,-18.31597222222223,0.0,0.0,0.0,0.0,0.0,0.0,0.0,0.0,0.0,0.0
187,187.0,1.0,0.0,1.0,4.0,11.58,11.0,11.0,5.6625,3.16205530470294,5.8,1.7907656427065448,-6.597938144329903,5.8625,3.2083630951000544,0.0,0.5472687582260221,-17.16032608695652,0.0,0.0,0.0,0.0,0.0,0.0,0.0,0.0,0.0,0.0
188,188.0,1.0,1.0,1.0,5.0,1.67,5.0,5.0,5.7875,3.17290777521188,5.796875,1.8240366282356009,-2.935010482180305,5.875,3.224418552235426,0.0,0.548837200380498,-17.81088082901554,0.0,0.0,0.0,0.0,0.0,0.0,0.0,0.0,0.0,0.0
189,189.0,1.0,1.0,1.0,6.0,2.35,7.0,7.0,5.725,3.1383713929361514,5.7875,1.8241945529091406,-3.98322851153041,5.84375,3.208478757526688,0.0,0.549044493266599,-19.396551724137932,0.0,0.0,0.0,0.0,0.0,0.0,0.0,0.0,0.0,0.0
190,190.0,1.0,0.0,1.0,6.0,3.03,8.0,8.0,5.7,3.120096152364539,5.7875,1.8268667764229967,-5.785123966942144,5.875,3.195211260621119,0.0,0.5438657464887011,-16.89024390243902,0.0,0.0,0.0,0.0,0.0,0.0,0.0,0.0,0.0,0.0
191,191.0,1.0,0.0,1.0,6.0,2.07,6.0,6.0,5.7125,3.1272741725023088,5.7875,1.826670667455136,-6.54396728016359,5.9125,3.184704656636153,0.0,0.5386392653930069,-14.311594202898561,0.0,0.0,0.0,0.0,0.0,0.0,0.0,0.0,0.0,0.0
192,192.0,1.0,0.0,1.0,6.0,3.42,8.0,8.0,5.7625,3.0993698956400797,5.7875,1.8592488776851634,-4.158004158004157,5.8875,3.1681767232905425,0.0,0.5381191886693065,-15.892857142857139,0.0,0.0,0.0,0.0,0.0,0.0,0.0,0.0,0.0,0.0
193,193.0,1.0,1.0,1.0,7.0,2.0,6.0,6.0,5.7875,3.1092352355523056,5.7875,1.8613902009803847,-3.1380753138075312,5.88125,3.163012557278267,0.0,0.5378129746700561,-16.725663716814164,0.0,0.0,0.0,0.0,0.0,0.0,0.0,0.0,0.0,0.0
194,194.0,1.0,1.0,1.0,8.0,1.77,6.0,6.0,5.7875,3.1092352355523056,5.7875,1.8613902009803847,-2.1141649048625792,5.85,3.1368774282716245,0.0,0.5362183638071153,-18.54430379746836,0.0,0.0,0.0,0.0,0.0,0.0,0.0,0.0,0.0,0.0
195,195.0,1.0,0.0,0.0,8.0,1.2,3.0,3.0,5.85,3.062270399556512,5.7875,1.9103473033756966,-0.847457627118656,5.875,3.121998558615939,0.0,0.5314040099771811,-16.422594142259413,0.0,0.0,0.0,0.0,0.0,0.0,0.0,0.0,0.0,0.0
196,196.0,1.0,0.0,0.0,8.0,1.26,3.0,3.0,5.8125,3.0785294785010584,5.7875,1.8880767719106322,-2.5157232704402572,5.8875,3.1064197639726667,0.0,0.5276296839019391,-14.140624999999993,0.0,0.0,0.0,0.0,0.0,0.0,0.0,0.0,0.0,0.0
197,197.0,1.0,0.0,0.0,8.0,1.23,3.0,3.0,5.8125,3.0785294785010584,5.7875,1.8880767719106322,-1.0638297872340425,5.84375,3.0974725079490213,0.0,0.5300487714137363,-15.850000000000003,0.0,0.0,0.0,0.0,0.0,0.0,0.0,0.0,0.0,0.0
198,198.0,1.0,0.0,1.0,8.0,1.51,5.0,5.0,5.8375,3.0473092639244874,5.7875,1.9156244064582262,0.21459227467811462,5.83125,3.104878973084136,0.0,0.5324551293606236,-15.389705882352947,0.0,0.0,0.0,0.0,0.0,0.0,0.0,0.0,0.0,0.0
199,199.0,1.0,0.0,0.0,8.0,1.29,3.0,3.0,5.8625,3.0320939546788455,5.7875,1.9334823022068741,2.401746724890833,5.79375,3.0783454870270814,0.0,0.5313217669086656,-17.232142857142854,0.0,0.0,0.0,0.0,0.0,0.0,0.0,0.0,0.0,0.0
200,200.0,1.0,1.0,1.0,9.0,1.63,5.0,5.0,5.7875,3.0277621686651677,5.7875,1.9114777441556785,-0.2155172413793134,5.79375,3.0783454870270814,0.0,0.5313217669086656,-16.001394052044613,0.0,0.0,0.0,0.0,0.0,0.0,0.0,0.0,0.0,0.0
201,201.0,1.0,1.0,0.0,7.0,1.35,4.0,4.0,5.75,3.0186917696247164,5.7875,1.9047986474998206,-1.0752688172043012,5.78125,3.0774824837031973,0.0,0.5323212944783909,-16.213768115942035,0.0,0.0,0.0,0.0,0.0,0.0,0.0,0.0,0.0,0.0
202,202.0,1.0,1.0,1.0,8.0,3.31,8.0,8.0,5.7125,3.0215631302357395,5.7875,1.8905777419763248,-1.0822510822510822,5.74375,3.062366068499976,0.0,0.5331649303155561,-17.659527972027966,0.0,0.0,0.0,0.0,0.0,0.0,0.0,0.0,0.0,0.0
203,203.0,1.0,1.0,0.0,6.0,1.04,1.0,1.0,5.75,3.031088913245535,5.7875,1.8970080273373418,-0.43290043290043906,5.7625,3.0669355633922275,0.0,0.5322230912611241,-16.829896907216497,0.0,0.0,0.0,0.0,0.0,0.0,0.0,0.0,0.0,0.0
204,204.0,1.0,1.0,1.0,7.0,13.51,11.0,11.0,5.675,3.0731701872821815,5.7875,1.846627311264788,-2.9914529914529884,5.7625,3.0669355633922275,0.0,0.5322230912611241,-15.141267123287664,0.0,0.0,0.0,0.0,0.0,0.0,0.0,0.0,0.0,0.0
205,205.0,1.0,0.0,1.0,7.0,1.8,6.0,6.0,5.6875,3.092708157909504,5.7875,1.8390031356351544,-4.411764705882356,5.81875,3.079918576439968,0.0,0.5293093149628302,-12.916666666666671,0.0,0.0,0.0,0.0,0.0,0.0,0.0,0.0,0.0,0.0
206,206.0,1.0,1.0,1.0,8.0,2.41,7.0,7.0,5.7,3.0919249667480613,5.778125,1.8435117479564802,-3.594080338266376,5.80625,3.0750952729143206,0.0,0.5296181309647915,-13.4830298013245,0.0,0.0,0.0,0.0,0.0,0.0,0.0,0.0,0.0,0.0
207,207.0,1.0,1.0,0.0,6.0,1.37,4.0,4.0,5.7375,3.089270747280011,5.775,1.8572344314759905,-2.3404255319148968,5.80625,3.0750952729143206,0.0,0.5296181309647915,-13.563915857605174,0.0,0.0,0.0,0.0,0.0,0.0,0.0,0.0,0.0,0.0
208,208.0,1.0,1.0,0.0,4.0,1.05,2.0,2.0,5.7125,3.095132266963724,5.775,1.8456400267520305,-2.7659574468085046,5.79375,3.078345487027082,0.0,0.5313217669086657,-13.553571428571423,0.0,0.0,0.0,0.0,0.0,0.0,0.0,0.0,0.0,0.0
209,209.0,1.0,1.0,1.0,5.0,1.59,5.0,5.0,5.725,3.078047270592185,5.775,1.8599454448594508,-0.4347826086956583,5.7375,3.0648970211085396,0.0,0.534186844637654,-15.521472392638044,0.0,0.0,0.0,0.0,0.0,0.0,0.0,0.0,0.0,0.0
210,210.0,1.0,1.0,0.0,3.0,1.03,1.0,1.0,5.7125,3.0789354897431678,5.775,1.8553490383380893,-0.652173913043472,5.73125,3.0653749260897927,0.0,0.534852767910978,-15.412274096385545,0.0,0.0,0.0,0.0,0.0,0.0,0.0,0.0,0.0,0.0
211,211.0,1.0,0.0,1.0,3.0,6.22,10.0,10.0,5.6,3.084639363037436,5.775,1.8154472341576084,-4.068522483940055,5.71875,3.0805272986130148,0.0,0.5386714401946255,-14.645522388059703,0.0,0.0,0.0,0.0,0.0,0.0,0.0,0.0,0.0,0.0
212,212.0,1.0,1.0,1.0,4.0,7.53,10.0,10.0,5.65,3.1228992939254385,5.7718750000000005,1.8092162020690823,-3.004291845493559,5.7375,3.097352700291008,0.0,0.5398436078938577,-14.440789473684216,0.0,0.0,0.0,0.0,0.0,0.0,0.0,0.0,0.0,0.0
213,213.0,1.0,1.0,1.0,5.0,1.92,6.0,6.0,5.75,3.132491021535417,5.7625,1.8355998342755309,-0.43290043290043906,5.7625,3.1154604394856307,0.0,0.5406438940539056,-13.89367816091954,0.0,0.0,0.0,0.0,0.0,0.0,0.0,0.0,0.0,0.0
214,214.0,1.0,1.0,1.0,6.0,2.04,6.0,6.0,5.7625,3.1314683057632884,5.7625,1.840191066086937,-0.6465517241379249,5.78125,3.1077963957601855,0.0,0.5375647819693294,-12.70477207977208,0.0,0.0,0.0,0.0,0.0,0.0,0.0,0.0,0.0,0.0
215,215.0,1.0,1.0,1.0,7.0,4.35,9.0,9.0,5.7,3.0757112998459397,5.7625,1.853229852972712,-1.7241379310344769,5.75,3.080178566252288,0.0,0.5356832289134413,-14.226519337016569,0.0,0.0,0.0,0.0,0.0,0.0,0.0,0.0,0.0,0.0
216,216.0,1.0,0.0,1.0,7.0,5.62,10.0,10.0,5.775,3.0821056114286547,5.7625,1.8737190505691668,0.4347826086956583,5.7625,3.0892707472800116,0.0,0.5360990450811299,-14.109078590785904,0.0,0.0,0.0,0.0,0.0,0.0,0.0,0.0,0.0,0.0
217,217.0,1.0,0.0,0.0,7.0,1.1,2.0,2.0,5.825,3.117591217590914,5.7625,1.868429692492272,0.8658008658008627,5.8,3.1040296390337514,0.0,0.5351775239713364,-12.922252010723861,0.0,0.0,0.0,0.0,0.0,0.0,0.0,0.0,0.0,0.0
218,218.0,1.0,1.0,0.0,5.0,1.07,2.0,2.0,5.725,3.1103657341219537,5.7625,1.8406195571133208,-2.3454157782516023,5.79375,3.110660852214526,0.0,0.5368993919679872,-12.169215425531913,0.0,0.0,0.0,0.0,0.0,0.0,0.0,0.0,0.0,0.0
219,219.0,1.0,1.0,1.0,6.0,7.94,10.0,10.0,5.6625,3.1342612766009155,5.7625,1.8066458091014483,-3.4115138592750567,5.7625,3.1234746277183043,0.0,0.5420346425541526,-12.734986945169716,0.0,0.0,0.0,0.0,0.0,0.0,0.0,0.0,0.0,0.0
220,220.0,1.0,1.0,1.0,7.0,4.79,9.0,9.0,5.7125,3.170937361412237,5.759375,1.801517768694059,-2.350427350427338,5.78125,3.1398086625620993,0.0,0.5431020389296605,-12.540064102564106,0.0,0.0,0.0,0.0,0.0,0.0,0.0,0.0,0.0,0.0
221,221.0,1.0,0.0,0.0,7.0,1.25,3.0,3.0,5.8125,3.1467989687935263,5.7625,1.8471151343450758,0.43196544276458504,5.8,3.1500000000000004,0.0,0.5431034482758621,-12.12121212121212,0.0,0.0,0.0,0.0,0.0,0.0,0.0,0.0,0.0,0.0
222,222.0,1.0,1.0,1.0,8.0,2.5,7.0,7.0,5.7625,3.1592869052999917,5.7625,1.8239875556515242,-1.4957264957264869,5.80625,3.1434393484684895,0.0,0.5413889082399982,-11.009736180904513,0.0,0.0,0.0,0.0,0.0,0.0,0.0,0.0,0.0,0.0
223,223.0,1.0,1.0,0.0,6.0,1.01,1.0,1.0,5.7625,3.1592869052999917,5.7625,1.8239875556515242,-2.1231422505307855,5.825,3.1415561430603147,0.0,0.5393229430146463,-10.161691542288548,0.0,0.0,0.0,0.0,0.0,0.0,0.0,0.0,0.0,0.0
224,224.0,1.0,1.0,1.0,7.0,1.45,5.0,5.0,5.7625,3.1592869052999917,5.7625,1.8239875556515242,-0.43196544276456966,5.775,3.1542629884015696,0.0,0.546192725264341,-11.478102189781016,0.0,0.0,0.0,0.0,0.0,0.0,0.0,0.0,0.0,0.0
225,225.0,1.0,0.0,0.0,7.0,1.11,2.0,2.0,5.7875,3.1452096511997416,5.7625,1.8400999112387804,0.652173913043472,5.76875,3.154801647885331,0.0,0.5468778587883565,-11.462829736211035,0.0,0.0,0.0,0.0,0.0,0.0,0.0,0.0,0.0,0.0
226,226.0,1.0,0.0,1.0,7.0,21.61,11.0,11.0,5.7875,3.1452096511997416,5.7625,1.8400999112387804,1.091703056768559,5.75625,3.165728342340827,0.0,0.5499636642503065,-11.126781472684092,0.0,0.0,0.0,0.0,0.0,0.0,0.0,0.0,0.0,0.0
227,227.0,1.0,0.0,1.0,7.0,1.63,5.0,5.0,5.9125,3.151165459000844,5.7625,1.876289924133246,3.2751091703056767,5.81875,3.169920888208411,0.0,0.5447769517866228,-8.99585308056872,0.0,0.0,0.0,0.0,0.0,0.0,0.0,0.0,0.0,0.0
228,228.0,1.0,0.0,1.0,7.0,2.19,7.0,7.0,5.8875,3.150372001843592,5.7625,1.8688269183939694,1.7278617710583248,5.8375,3.1561200468296513,0.0,0.5406629630543299,-7.756485849056592,0.0,0.0,0.0,0.0,0.0,0.0,0.0,0.0,0.0,0.0
229,229.0,1.0,0.0,1.0,7.0,2.96,8.0,8.0,5.85,3.118894034750139,5.7625,1.8756648782614558,0.6451612903225745,5.83125,3.1528199183429426,0.0,0.5406765133278358,-8.211805555555554,0.0,0.0,0.0,0.0,0.0,0.0,0.0,0.0,0.0,0.0
230,230.0,1.0,0.0,1.0,7.0,4.81,9.0,9.0,5.9125,3.111244726793442,5.7625,1.9003648118975294,1.7204301075268755,5.8625,3.149379899281762,0.0,0.5372076587261002,-7.008620689655169,0.0,0.0,0.0,0.0,0.0,0.0,0.0,0.0,0.0,0.0
231,231.0,1.0,0.0,1.0,7.0,3.2,8.0,8.0,5.925,3.1215981483848942,5.7625,1.898066220684292,1.4989293361884277,5.88125,3.1590581567138014,0.0,0.5371406005039407,-6.6468253968254,0.0,0.0,0.0,0.0,0.0,0.0,0.0,0.0,0.0,0.0
232,232.0,1.0,0.0,1.0,7.0,6.37,10.0,10.0,6.0,3.0983866769659336,5.7625,1.9364916731037083,3.448275862068969,5.9,3.162672920173694,0.0,0.5360462576565582,-6.076233183856491,0.0,0.0,0.0,0.0,0.0,0.0,0.0,0.0,0.0,0.0
233,233.0,1.0,0.0,1.0,7.0,1.83,6.0,6.0,5.9875,3.08015320235861,5.7625,1.9438968150724143,1.483050847457618,5.94375,3.170660173765079,0.0,0.533444403577721,-4.688195991091313,0.0,0.0,0.0,0.0,0.0,0.0,0.0,0.0,0.0,0.0
234,234.0,1.0,0.0,1.0,7.0,35.45,11.0,11.0,5.9625,3.071822545330378,5.7625,1.9410300927258568,0.0,5.9625,3.16205530470294,0.0,0.5303237408306817,-3.7029867256637097,0.0,0.0,0.0,0.0,0.0,0.0,0.0,0.0,0.0,0.0
235,235.0,1.0,0.0,0.0,7.0,1.04,1.0,1.0,6.0375,3.1202714224887553,5.7625,1.9349278259852272,2.5477707006369332,5.9625,3.16205530470294,0.0,0.5303237408306817,-4.70302375809935,0.0,0.0,0.0,0.0,0.0,0.0,0.0,0.0,0.0,0.0
236,236.0,1.0,0.0,1.0,7.0,2.24,7.0,7.0,5.95,3.1618823507524754,5.7625,1.8817904463093003,-0.20964360587002392,5.95625,3.1708572874697465,0.0,0.5323579916003772,-3.9314516129032313,0.0,0.0,0.0,0.0,0.0,0.0,0.0,0.0,0.0,0.0
237,237.0,1.0,0.0,0.0,7.0,1.0,1.0,1.0,6.025,3.1143819611601913,5.7625,1.9345732396149395,2.991452991453004,5.9375,3.1557239660654735,0.0,0.5314903521794482,-5.0,0.0,0.0,0.0,0.0,0.0,0.0,0.0,0.0,0.0,0.0
238,238.0,1.0,0.0,0.0,7.0,1.23,3.0,3.0,5.9875,3.156318068572938,5.7625,1.8969887919778377,2.3504273504273536,5.91875,3.176027146845568,0.0,0.5366043753910147,-4.855167014613778,0.0,0.0,0.0,0.0,0.0,0.0,0.0,0.0,0.0,0.0
239,239.0,1.0,0.0,0.0,7.0,1.3,4.0,4.0,5.9375,3.1715286140913186,5.7625,1.872125628512157,1.9313304721030013,5.88125,3.1748462069051473,0.0,0.5398250723749454,-5.996413934426235,0.0,0.0,0.0,0.0,0.0,0.0,0.0,0.0,0.0,0.0
240,240.0,1.0,0.0,0.0,7.0,1.39,4.0,4.0,5.9,3.176476034853718,5.7625,1.857404222560648,0.4255319148936231,5.8875,3.170148852972049,0.0,0.5384541576173332,-5.272403258655806,0.0,0.0,0.0,0.0,0.0,0.0,0.0,0.0,0.0,0.0
241,241.0,1.0,0.0,1.0,7.0,4.22,9.0,9.0,5.9,3.176476034853718,5.7625,1.857404222560648,1.9438444924406173,5.84375,3.147512658830779,0.0,0.5386117918854809,-6.872509960159368,0.0,0.0,0.0,0.0,0.0,0.0,0.0,0.0,0.0,0.0
242,242.0,1.0,0.0,1.0,7.0,1.85,6.0,6.0,6.0,3.146426544510455,5.7625,1.9069251784911845,3.89610389610389,5.8875,3.1424264112306592,0.0,0.5337454626294114,-5.379464285714285,0.0,0.0,0.0,0.0,0.0,0.0,0.0,0.0,0.0,0.0
243,243.0,1.0,0.0,1.0,7.0,1.61,5.0,5.0,6.05,3.1140809238040044,5.7625,1.942788305131655,5.446623093681917,5.89375,3.141649397609479,0.0,0.533047617834058,-5.051571709233791,0.0,0.0,0.0,0.0,0.0,0.0,0.0,0.0,0.0,0.0
244,244.0,1.0,0.0,1.0,7.0,1.57,5.0,5.0,5.975,3.0658400153954544,5.7625,1.9488949097134478,2.57510729613733,5.9,3.1388692231439017,0.0,0.5320117327362545,-4.5419103313840035,0.0,0.0,0.0,0.0,0.0,0.0,0.0,0.0,0.0,0.0
245,245.0,1.0,0.0,1.0,7.0,2.25,7.0,7.0,5.9125,3.033948541092943,5.7625,1.948780580790633,-0.42105263157895334,5.925,3.1155858197135253,0.0,0.5258372691499621,-3.17120622568093,0.0,0.0,0.0,0.0,0.0,0.0,0.0,0.0,0.0,0.0
246,246.0,1.0,0.0,1.0,7.0,3.75,9.0,9.0,5.875,3.0015620933107483,5.765625,1.9573141642123504,-1.8789144050104356,5.93125,3.1167328145832456,0.0,0.5254765546188822,-3.0468749999999876,0.0,0.0,0.0,0.0,0.0,0.0,0.0,0.0,0.0,0.0
247,247.0,1.0,0.0,1.0,7.0,1.65,5.0,5.0,5.9,3.0191058278901055,5.768750000000001,1.954220996659531,-1.2552301255230007,5.9375,3.121873435935544,0.0,0.5257892102628284,-3.290719696969701,0.0,0.0,0.0,0.0,0.0,0.0,0.0,0.0,0.0,0.0
248,248.0,1.0,0.0,0.0,7.0,1.28,3.0,3.0,5.8625,3.0114105914006477,5.7718750000000005,1.9467620977162308,-2.2916666666666696,5.93125,3.122742934905145,0.0,0.526489852038802,-3.367275280898875,0.0,0.0,0.0,0.0,0.0,0.0,0.0,0.0,0.0,0.0
249,249.0,1.0,0.0,1.0,7.0,1.61,5.0,5.0,5.875,2.9973947020704497,5.775,1.9600354921365029,-1.673640167364011,5.925,3.1275989192989564,0.0,0.527864796506153,-3.085501858736057,0.0,0.0,0.0,0.0,0.0,0.0,0.0,0.0,0.0,0.0
250,250.0,1.0,0.0,1.0,7.0,1.67,5.0,5.0,5.875,2.9973947020704497,5.775,1.9600354921365029,-1.673640167364011,5.925,3.1275989192989564,0.0,0.527864796506153,-2.886740331491709,0.0,0.0,0.0,0.0,0.0,0.0,0.0,0.0,0.0,0.0
251,251.0,1.0,0.0,0.0,7.0,1.08,2.0,2.0,5.8,2.9427877939124323,5.775,1.970920231488696,-3.1315240083507305,5.89375,3.1116652997229637,0.0,0.5279601781078199,-4.080018083182649,0.0,0.0,0.0,0.0,0.0,0.0,0.0,0.0,0.0,0.0
252,252.0,1.0,0.0,1.0,7.0,26.87,11.0,11.0,5.7,2.934280150224242,5.7718750000000005,1.9425548032843414,-4.9999999999999964,5.85,3.1168894751017397,0.0,0.5328016196755111,-5.2758007117437815,0.0,0.0,0.0,0.0,0.0,0.0,0.0,0.0,0.0,0.0
253,253.0,1.0,1.0,1.0,8.0,16.66,11.0,11.0,5.775,2.99155060127687,5.775,1.9304370106710158,-3.347280334728022,5.875,3.1419540098480114,0.0,0.534800682527321,-5.008787346221444,0.0,0.0,0.0,0.0,0.0,0.0,0.0,0.0,0.0,0.0
254,254.0,1.0,0.0,1.0,8.0,1.6,5.0,5.0,5.85,3.0458988821036064,5.775,1.9206153015689678,-0.847457627118656,5.875,3.1419540098480114,0.0,0.534800682527321,-5.797413793103445,0.0,0.0,0.0,0.0,0.0,0.0,0.0,0.0,0.0,0.0
255,255.0,1.0,0.0,1.0,8.0,1.72,6.0,6.0,5.8875,3.0165947275031826,5.775,1.9517040013104607,1.2903225806451644,5.85,3.1328900395641086,0.0,0.5355367588998476,-6.638370118845503,0.0,0.0,0.0,0.0,0.0,0.0,0.0,0.0,0.0,0.0
256,256.0,1.0,0.0,1.0,8.0,3.18,8.0,8.0,5.8375,2.98095517410108,5.775,1.958264938271111,0.6465517241379403,5.81875,3.1061871221000192,0.0,0.5338237803823879,-7.869791666666674,0.0,0.0,0.0,0.0,0.0,0.0,0.0,0.0,0.0,0.0
257,257.0,1.0,0.0,1.0,8.0,1.78,6.0,6.0,5.8,2.9342801502242417,5.775,1.9766347121138914,-1.0660980810234542,5.83125,3.110911994496148,0.0,0.5334897311033051,-7.623762376237626,0.0,0.0,0.0,0.0,0.0,0.0,0.0,0.0,0.0,0.0
258,258.0,1.0,0.0,1.0,8.0,11.16,11.0,11.0,5.8375,2.9173778894754103,5.775,2.0009406464137127,1.3015184381778773,5.8,3.083828789021855,0.0,0.5316946187968715,-8.816855753646674,0.0,0.0,0.0,0.0,0.0,0.0,0.0,0.0,0.0,0.0
259,259.0,1.0,0.0,0.0,8.0,1.0,1.0,1.0,5.8375,2.9173778894754103,5.775,2.0009406464137127,1.3015184381778773,5.8,3.083828789021855,0.0,0.5316946187968715,-9.490445859872608,0.0,0.0,0.0,0.0,0.0,0.0,0.0,0.0,0.0,0.0
260,260.0,1.0,1.0,0.0,6.0,1.13,2.0,2.0,5.7625,2.9632910336313576,5.775,1.9446284332519168,-1.284796573875806,5.8,3.083828789021855,0.0,0.5316946187968715,-8.71224165341813,0.0,0.0,0.0,0.0,0.0,0.0,0.0,0.0,0.0,0.0
261,261.0,1.0,1.0,0.0,4.0,1.0,1.0,1.0,5.7625,2.9632910336313576,5.775,1.9446284332519168,0.21739130434782916,5.75625,3.087772002188633,0.0,0.5364207604236496,-9.776645768025084,0.0,0.0,0.0,0.0,0.0,0.0,0.0,0.0,0.0,0.0
262,262.0,1.0,1.0,1.0,5.0,5.02,10.0,10.0,5.725,3.0040597530675055,5.765625,1.9057543692844616,0.8810572687224639,5.7,3.0919249667480613,0.0,0.5424429766224669,-11.15740740740741,0.0,0.0,0.0,0.0,0.0,0.0,0.0,0.0,0.0,0.0
263,263.0,1.0,0.0,1.0,5.0,1.46,5.0,5.0,5.7875,3.0401223248415516,5.768750000000001,1.9037062925754604,1.3129102844638825,5.75,3.096368841078207,0.0,0.5384989288831664,-9.769230769230763,0.0,0.0,0.0,0.0,0.0,0.0,0.0,0.0,0.0,0.0
264,264.0,1.0,0.0,1.0,5.0,36.75,11.0,11.0,5.7875,3.0401223248415516,5.7718750000000005,1.9037062925754604,1.5350877192982362,5.74375,3.0968671165389066,0.0,0.5391716416172199,-9.81612042682926,0.0,0.0,0.0,0.0,0.0,0.0,0.0,0.0,0.0,0.0
265,265.0,1.0,0.0,1.0,5.0,9.98,10.0,10.0,5.85,3.0947536250887566,5.775,1.8902958712366718,2.857142857142851,5.76875,3.1229430730482424,0.0,0.5413552455988286,-9.50980392156863,0.0,0.0,0.0,0.0,0.0,0.0,0.0,0.0,0.0,0.0
266,266.0,1.0,0.0,1.0,5.0,2.58,7.0,7.0,5.9375,3.1118473211261506,5.775,1.9080306285243038,3.9387308533916783,5.825,3.117591217590914,0.0,0.5352087927194702,-7.887801204819271,0.0,0.0,0.0,0.0,0.0,0.0,0.0,0.0,0.0,0.0
267,267.0,1.0,0.0,0.0,5.0,1.18,3.0,3.0,6.0125,3.0638772413398025,5.775,1.962382800092472,6.181015452538642,5.8375,3.1182677482858976,0.0,0.5341786292566848,-7.507473841554548,0.0,0.0,0.0,0.0,0.0,0.0,0.0,0.0,0.0,0.0
268,268.0,1.0,0.0,1.0,5.0,1.71,6.0,6.0,5.9125,3.0298256963066375,5.775,1.9514323900570738,2.1598272138228944,5.85,3.102821296820041,0.0,0.5303968028752207,-6.574626865671641,0.0,0.0,0.0,0.0,0.0,0.0,0.0,0.0,0.0,0.0
269,269.0,1.0,0.0,0.0,5.0,1.13,2.0,2.0,5.925,3.028097587595221,5.775,1.95667405973708,3.493449781659392,5.825,3.085348440614123,0.0,0.5296735520367594,-7.485294117647062,0.0,0.0,0.0,0.0,0.0,0.0,0.0,0.0,0.0,0.0
270,270.0,1.0,0.0,1.0,5.0,4.06,9.0,9.0,5.8625,3.0567292569018933,5.775,1.9178996591742172,2.8508771929824497,5.78125,3.0896437395758105,0.0,0.5344248630617618,-8.54045718432511,0.0,0.0,0.0,0.0,0.0,0.0,0.0,0.0,0.0,0.0
271,271.0,1.0,0.0,1.0,5.0,7.12,10.0,10.0,5.875,3.067470456255447,5.775,1.9152588700631819,2.844638949671766,5.79375,3.098582085002752,0.0,0.5348145993532257,-8.432112068965512,0.0,0.0,0.0,0.0,0.0,0.0,0.0,0.0,0.0,0.0
272,272.0,1.0,0.0,1.0,5.0,1.67,5.0,5.0,5.925,3.1015117281738593,5.775,1.9103587280286003,2.819956616052054,5.84375,3.1015054308351613,0.0,0.5307388972552147,-7.069305157593118,0.0,0.0,0.0,0.0,0.0,0.0,0.0,0.0,0.0,0.0
273,273.0,1.0,0.0,1.0,5.0,2.26,7.0,7.0,5.8875,3.094324441618881,5.775,1.9026770175786067,1.7278617710583248,5.8375,3.102191765510314,0.0,0.531424713577784,-7.130681818181811,0.0,0.0,0.0,0.0,0.0,0.0,0.0,0.0,0.0,0.0
274,274.0,1.0,0.0,1.0,5.0,1.77,6.0,6.0,5.9,3.096772513440405,5.775,1.9052093669758483,1.9438444924406173,5.84375,3.1035199270344633,0.0,0.5310836238775553,-6.993838028169021,0.0,0.0,0.0,0.0,0.0,0.0,0.0,0.0,0.0,0.0
275,275.0,1.0,0.0,1.0,5.0,5.0,10.0,10.0,5.9,3.096772513440405,5.775,1.9052093669758483,0.854700854700867,5.875,3.07967124868873,0.0,0.5241993614789328,-5.801687763713074,0.0,0.0,0.0,0.0,0.0,0.0,0.0,0.0,0.0,0.0
276,276.0,1.0,0.0,1.0,5.0,1.68,5.0,5.0,5.9875,3.112449798791942,5.775,1.9237258067018372,3.01075268817204,5.9,3.0967725134404045,0.0,0.5248766971932889,-5.369595536959547,0.0,0.0,0.0,0.0,0.0,0.0,0.0,0.0,0.0,0.0
277,277.0,1.0,0.0,1.0,5.0,4.26,9.0,9.0,6.0125,3.096343609808188,5.775,1.94180645227952,3.440860215053766,5.9125,3.0890684275360427,0.0,0.5224640046572588,-4.743055555555561,0.0,0.0,0.0,0.0,0.0,0.0,0.0,0.0,0.0,0.0
278,278.0,1.0,0.0,0.0,5.0,1.2,3.0,3.0,6.0875,3.095132266963724,5.775,1.9667980153790785,4.282655246252676,5.9625,3.0738564946984757,0.0,0.5155314875804571,-3.243758668515949,0.0,0.0,0.0,0.0,0.0,0.0,0.0,0.0,0.0,0.0
279,279.0,1.0,0.0,1.0,5.0,1.52,5.0,5.0,6.0625,3.1118473211261506,5.775,1.9481996943879734,3.4115138592750567,5.9625,3.0738564946984757,0.0,0.5155314875804571,-2.821132596685071,0.0,0.0,0.0,0.0,0.0,0.0,0.0,0.0,0.0,0.0
280,280.0,1.0,0.0,1.0,5.0,3.52,9.0,9.0,6.0875,3.095132266963724,5.775,1.9667980153790785,5.183585313174959,5.9375,3.0653048380218237,0.0,0.5162618674563072,-3.6067530695770857,0.0,0.0,0.0,0.0,0.0,0.0,0.0,0.0,0.0,0.0
281,281.0,1.0,0.0,0.0,5.0,1.32,4.0,4.0,6.1375,3.109436243115462,5.775,1.9738304696193436,6.739130434782611,5.94375,3.070518838486421,0.0,0.5165962293983464,-3.7449392712550633,0.0,0.0,0.0,0.0,0.0,0.0,0.0,0.0,0.0,0.0
282,282.0,1.0,0.0,0.0,5.0,1.38,4.0,4.0,6.1375,3.109436243115462,5.775,1.9738304696193436,7.439824945295401,5.925,3.0731701872821815,0.0,0.5186785126214652,-4.154411764705883,0.0,0.0,0.0,0.0,0.0,0.0,0.0,0.0,0.0,0.0
283,283.0,1.0,0.0,1.0,5.0,2.08,6.0,6.0,6.0875,3.111244726793442,5.775,1.9566123961820232,5.869565217391311,5.91875,3.076060538659797,0.0,0.5197145577461114,-4.105245683930934,0.0,0.0,0.0,0.0,0.0,0.0,0.0,0.0,0.0,0.0
284,284.0,1.0,0.0,0.0,5.0,1.02,1.0,1.0,6.15,3.0581857366746057,5.775,2.010996234220671,8.370044052863445,5.9125,3.0748729648556217,0.0,0.5200630807366803,-4.310855263157898,0.0,0.0,0.0,0.0,0.0,0.0,0.0,0.0,0.0,0.0
285,285.0,1.0,0.0,1.0,5.0,5.39,10.0,10.0,6.025,3.0617601147052653,5.775,1.967822355207598,5.93406593406594,5.85625,3.0818964839040266,0.0,0.5262576706773151,-5.691558441558443,0.0,0.0,0.0,0.0,0.0,0.0,0.0,0.0,0.0,0.0
286,286.0,1.0,0.0,1.0,5.0,3.07,8.0,8.0,6.075,3.0934406410985162,5.775,1.9638327366911097,6.578947368421052,5.8875,3.0983614621280067,0.0,0.5262609702128249,-5.040322580645161,0.0,0.0,0.0,0.0,0.0,0.0,0.0,0.0,0.0,0.0
287,287.0,1.0,0.0,0.0,5.0,1.06,2.0,2.0,6.0875,3.099168235188274,5.775,1.9642367041846587,6.100217864923757,5.9125,3.099168235188274,0.0,0.5241722173679956,-4.36777920410784,0.0,0.0,0.0,0.0,0.0,0.0,0.0,0.0,0.0,0.0
288,288.0,1.0,0.0,1.0,5.0,1.87,6.0,6.0,6.0625,3.123874797427067,5.775,1.9406987773624245,6.1269146608315035,5.8875,3.1144572159527253,0.0,0.5289948562127771,-4.749999999999992,0.0,0.0,0.0,0.0,0.0,0.0,0.0,0.0,0.0,0.0
289,289.0,1.0,0.0,1.0,5.0,1.93,6.0,6.0,6.1125,3.0902821473127657,5.775,1.9779747313090106,6.768558951965069,5.91875,3.090250546072276,0.0,0.522112024679582,-3.613231552162847,0.0,0.0,0.0,0.0,0.0,0.0,0.0,0.0,0.0,0.0
290,290.0,1.0,0.0,0.0,5.0,1.12,2.0,2.0,6.125,3.0877783275358355,5.778125,1.9836268508588124,7.221006564551416,5.91875,3.090250546072276,0.0,0.522112024679582,-3.596117424242425,0.0,0.0,0.0,0.0,0.0,0.0,0.0,0.0,0.0,0.0
291,291.0,1.0,0.0,1.0,5.0,4.96,9.0,9.0,6.1375,3.068972751589691,5.78125,1.9998548363848616,9.598214285714295,5.86875,3.0885309513585906,0.0,0.5262672547575873,-4.870635910224438,0.0,0.0,0.0,0.0,0.0,0.0,0.0,0.0,0.0,0.0
292,292.0,1.0,0.0,1.0,5.0,4.13,9.0,9.0,6.125,3.055220941274133,5.784375,2.0047649966177774,8.407079646017692,5.8875,3.098361462128007,0.0,0.5262609702128249,-4.546720297029694,0.0,0.0,0.0,0.0,0.0,0.0,0.0,0.0,0.0,0.0
293,293.0,1.0,0.0,1.0,5.0,2.68,8.0,8.0,6.1125,3.0413555776988654,5.7875,2.0097945944961846,6.304347826086953,5.93125,3.092575534647456,0.0,0.5214036728594236,-3.342592592592592,0.0,0.0,0.0,0.0,0.0,0.0,0.0,0.0,0.0,0.0
294,294.0,1.0,0.0,1.0,5.0,5.63,10.0,10.0,6.1375,3.048539609386763,5.7875,2.0132590638160037,6.507592190889371,5.95,3.0959651160825437,0.0,0.5203302716105115,-2.9018404907975404,0.0,0.0,0.0,0.0,0.0,0.0,0.0,0.0,0.0,0.0
295,295.0,1.0,0.0,1.0,5.0,1.62,5.0,5.0,6.1875,3.0785294785010584,5.7875,2.0098881765500276,8.552631578947365,5.94375,3.0867597796880792,0.0,0.5193286695584571,-3.575968523002431,0.0,0.0,0.0,0.0,0.0,0.0,0.0,0.0,0.0,0.0
296,296.0,1.0,0.0,1.0,5.0,15.03,11.0,11.0,6.1375,3.0648970211085396,5.7875,2.00251426319705,6.277056277056274,5.95625,3.0788530230428344,0.0,0.5169113155161107,-3.0043727382388465,0.0,0.0,0.0,0.0,0.0,0.0,0.0,0.0,0.0,0.0
297,297.0,1.0,0.0,1.0,5.0,2.21,7.0,7.0,6.15,3.0826125283596704,5.7875,1.9950609891514839,5.579399141630905,5.9875,3.1044071495214673,0.0,0.5184813610891804,-2.4790419161676667,0.0,0.0,0.0,0.0,0.0,0.0,0.0,0.0,0.0,0.0
298,298.0,1.0,0.0,1.0,5.0,2.42,7.0,7.0,6.2125,3.0483345862946214,5.7875,2.037998068824707,8.515283842794773,5.96875,3.0891379764426192,0.0,0.5175519122835802,-3.228550295857994,0.0,0.0,0.0,0.0,0.0,0.0,0.0,0.0,0.0,0.0
299,299.0,1.0,0.0,1.0,5.0,2.97,8.0,8.0,6.275,3.0123703291594146,5.7875,2.0830772163895945,10.816777041942618,5.96875,3.0891379764426192,0.0,0.5175519122835802,-3.3230633802816887,0.0,0.0,0.0,0.0,0.0,0.0,0.0,0.0,0.0,0.0
300,300.0,1.0,0.0,1.0,5.0,3.15,8.0,8.0,6.25,2.9895651857753496,5.7875,2.090605025017727,9.40919037199124,5.98125,3.0932827930048683,0.0,0.5171632673780344,-3.1009615384615326,0.0,0.0,0.0,0.0,0.0,0.0,0.0,0.0,0.0,0.0
301,301.0,1.0,0.0,1.0,5.0,1.88,6.0,6.0,6.2375,2.9801163987334456,5.7875,2.0930390513105284,7.311827956989244,6.025,3.07194970661956,0.0,0.5098671712231634,-1.8044237485448205,0.0,0.0,0.0,0.0,0.0,0.0,0.0,0.0,0.0,0.0
302,302.0,1.0,0.0,1.0,5.0,3.21,8.0,8.0,6.275,2.9579342453813946,5.7875,2.1214129454696193,8.89370932754881,6.01875,3.070976788824689,0.0,0.5102349804900833,-2.004185912240184,0.0,0.0,0.0,0.0,0.0,0.0,0.0,0.0,0.0,0.0
303,303.0,1.0,0.0,1.0,5.0,46.02,11.0,11.0,6.2875,2.963080111978075,5.7875,2.1219473528856527,9.11062906724511,6.025,3.073983571849401,0.0,0.5102047422156681,-1.9988545246277152,0.0,0.0,0.0,0.0,0.0,0.0,0.0,0.0,0.0,0.0
304,304.0,1.0,0.0,1.0,5.0,2.63,8.0,8.0,6.4125,2.9482780991622892,5.7875,2.1749983496543353,11.279826464208233,6.0875,3.0728396883013605,0.0,0.5047785935607983,-0.39902745995422373,0.0,0.0,0.0,0.0,0.0,0.0,0.0,0.0,0.0,0.0
305,305.0,1.0,0.0,0.0,5.0,1.0,1.0,1.0,6.45,2.9491524206117257,5.7875,2.1870690558143866,11.44708423326135,6.11875,3.0666999262236274,0.0,0.5011971278812873,0.4675028506271454,0.0,0.0,0.0,0.0,0.0,0.0,0.0,0.0,0.0,0.0
306,306.0,1.0,0.0,1.0,5.0,8.47,10.0,10.0,6.4375,2.970032617666008,5.7875,2.167484613370641,11.231101511879055,6.1125,3.076092285676748,0.0,0.5032461817058075,0.8319112627986335,0.0,0.0,0.0,0.0,0.0,0.0,0.0,0.0,0.0,0.0
307,307.0,1.0,0.0,1.0,5.0,3.97,9.0,9.0,6.425,2.9528587842970073,5.7875,2.1758575229426733,8.668076109936578,6.16875,3.0643553053619614,0.0,0.49675465943051045,2.3451704545454555,0.0,0.0,0.0,0.0,0.0,0.0,0.0,0.0,0.0,0.0
308,308.0,1.0,0.0,1.0,5.0,2.76,8.0,8.0,6.475,2.962157153157138,5.7875,2.1859069810319784,9.978768577494684,6.18125,3.0717907541855776,0.0,0.496953003710508,2.4401071025930117,0.0,0.0,0.0,0.0,0.0,0.0,0.0,0.0,0.0,0.0
309,309.0,1.0,0.0,0.0,5.0,1.1,2.0,2.0,6.4875,2.9664530587892335,5.7875,2.186955219391839,10.897435897435901,6.16875,3.060273425284087,0.0,0.4960929564796899,1.780936454849506,0.0,0.0,0.0,0.0,0.0,0.0,0.0,0.0,0.0,0.0
310,310.0,1.0,0.0,1.0,5.0,3.8,9.0,9.0,6.4125,3.002889233721417,5.7875,2.1354434016379367,8.456659619450317,6.1625,3.0677506010104536,0.0,0.49780942815585455,2.02361111111111,0.0,0.0,0.0,0.0,0.0,0.0,0.0,0.0,0.0,0.0
311,311.0,1.0,0.0,1.0,5.0,8.57,10.0,10.0,6.4125,3.002889233721417,5.7875,2.1354434016379367,8.227848101265819,6.16875,3.0725027969881493,0.0,0.4980754280831853,1.9066629955947108,0.0,0.0,0.0,0.0,0.0,0.0,0.0,0.0,0.0,0.0
312,312.0,1.0,0.0,1.0,5.0,2.51,7.0,7.0,6.4375,3.0242509403156346,5.7875,2.128626270453646,7.291666666666667,6.21875,3.0693482105326533,0.0,0.4935635313419342,3.1902472527472505,0.0,0.0,0.0,0.0,0.0,0.0,0.0,0.0,0.0,0.0
313,313.0,1.0,0.0,1.0,5.0,16.26,11.0,11.0,6.4,2.99833287011299,5.7875,2.1345195070882244,6.889352818371616,6.19375,3.0465079907165844,0.0,0.4918680913366837,2.2204125950054245,0.0,0.0,0.0,0.0,0.0,0.0,0.0,0.0,0.0,0.0
314,314.0,1.0,0.0,1.0,5.0,1.66,5.0,5.0,6.4625,3.041150070285911,5.7875,2.125018447179897,8.385744234800837,6.2125,3.06673177014228,0.0,0.4936389167231034,2.3156620021528624,0.0,0.0,0.0,0.0,0.0,0.0,0.0,0.0,0.0,0.0
315,315.0,1.0,0.0,0.0,5.0,1.0,1.0,1.0,6.3875,3.002056586741829,5.7875,2.1277080612702366,5.797101449275371,6.2125,3.06673177014228,0.0,0.4936389167231034,2.433083511777313,0.0,0.0,0.0,0.0,0.0,0.0,0.0,0.0,0.0,0.0
316,316.0,1.0,0.0,0.0,5.0,1.17,3.0,3.0,6.3875,3.002056586741829,5.7875,2.1277080612702366,7.352941176470589,6.16875,3.0907561271475306,0.0,0.501034427906388,1.5027866242038286,0.0,0.0,0.0,0.0,0.0,0.0,0.0,0.0,0.0,0.0
317,317.0,1.0,0.0,0.0,5.0,1.38,4.0,4.0,6.3375,3.024664237564229,5.7875,2.095273889013085,5.186721991701244,6.18125,3.0738247245898718,0.0,0.49728205857874563,2.2560975609756184,0.0,0.0,0.0,0.0,0.0,0.0,0.0,0.0,0.0,0.0
318,318.0,1.0,0.0,1.0,5.0,4.96,9.0,9.0,6.375,2.9764702249476644,5.7875,2.141798680385621,6.471816283924847,6.18125,3.0738247245898718,0.0,0.49728205857874563,2.4769007391763487,0.0,0.0,0.0,0.0,0.0,0.0,0.0,0.0,0.0,0.0
319,319.0,1.0,0.0,1.0,5.0,4.89,9.0,9.0,6.45,2.966057989992778,5.7875,2.174603470923947,8.631578947368423,6.19375,3.081186611924049,0.0,0.49746706146099684,2.579926624737936,0.0,0.0,0.0,0.0,0.0,0.0,0.0,0.0,0.0,0.0
320,320.0,1.0,0.0,1.0,5.0,1.97,6.0,6.0,6.5125,2.9664530587892335,5.7875,2.195382792491615,10.381355932203386,6.20625,3.088480360549505,0.0,0.49764034006839963,2.6840530697190363,0.0,0.0,0.0,0.0,0.0,0.0,0.0,0.0,0.0,0.0
321,321.0,1.0,0.0,1.0,5.0,2.75,8.0,8.0,6.5375,2.953573048021667,5.7875,2.2134207936312538,10.8050847457627,6.21875,3.0835691069765243,0.0,0.4958503086595416,3.1088082901554404,6.125,3.1419540098480114,0.0,0.5129720832404917,,0.0,0.0,0.0,0.0,0.0
322,322.0,1.0,0.0,1.0,5.0,3.91,9.0,9.0,6.525,2.945229193118933,5.7875,2.2154472783458217,8.750000000000007,6.2625,3.0587732426579124,0.0,0.4884268650950758,4.266389177939656,6.134375,3.143058758498638,0.0,0.512368213305942,25.250000000000007,0.0,0.0,0.0,0.0,0.0
323,323.0,1.0,0.0,1.0,5.0,1.87,6.0,6.0,6.5625,2.957379541080245,5.7875,2.2190252921013003,8.471074380165293,6.30625,3.0475335826697627,0.0,0.4832560686096749,5.987394957983196,6.128125,3.135356277103927,0.0,0.5116338646982441,-21.171874999999996,0.0,0.0,0.0,0.0,0.0
324,324.0,1.0,0.0,1.0,5.0,1.99,6.0,6.0,6.575,2.9528587842970073,5.7875,2.2266557530502844,10.04184100418411,6.275,3.024793381373346,0.0,0.48203878587623045,4.9111807732497414,6.128125,3.135356277103927,0.0,0.5116338646982441,-14.431818181818173,0.0,0.0,0.0,0.0,0.0
325,325.0,1.0,0.0,0.0,5.0,1.26,3.0,3.0,6.5875,2.948278099162289,5.7875,2.2343550297618617,11.41649048625794,6.25,3.010398644698074,0.0,0.48166378315169184,3.519668737060048,6.14375,3.1221924888609927,0.0,0.5081900287057567,8.695652173913043,0.0,0.0,0.0,0.0,0.0
326,326.0,1.0,0.0,1.0,5.0,6.18,10.0,10.0,6.5375,2.9746585938557724,5.7875,2.1977311996419893,11.276595744680845,6.20625,3.006444900127059,0.0,0.4844221389932824,2.5826446280991737,6.128125,3.125373415189775,0.0,0.5100048408264805,0.1008064516128975,0.0,0.0,0.0,0.0,0.0
327,327.0,1.0,0.0,0.0,5.0,1.04,1.0,1.0,6.55,2.987055406248769,5.7875,2.1927949465877767,11.016949152542363,6.225,3.02065804089109,0.0,0.4852462716290908,2.680412371134015,6.14375,3.132185488999654,0.0,0.5098165597557931,3.7499999999999942,0.0,0.0,0.0,0.0,0.0
328,328.0,1.0,0.0,0.0,5.0,1.05,2.0,2.0,6.5,3.0454884665682123,5.7875,2.1343045857351353,10.874200426439236,6.18125,3.0452255150481053,0.0,0.4926552906043446,2.2750775594622574,6.1125,3.13346353896132,0.0,0.5126320718137128,-7.938829787234039,0.0,0.0,0.0,0.0,0.0
329,329.0,1.0,0.0,1.0,5.0,12.11,11.0,11.0,6.4875,3.0618366628545033,5.7875,2.118826284466724,10.425531914893615,6.18125,3.0452255150481053,0.0,0.4926552906043446,2.8066528066528096,6.096875,3.141455114174799,0.0,0.51525660509274,-8.42592592592592,0.0,0.0,0.0,0.0,0.0
330,330.0,1.0,0.0,0.0,5.0,1.2,3.0,3.0,6.5625,3.0977562444453244,5.7875,2.1184688148938147,11.702127659574469,6.21875,3.0673112717003472,0.0,0.49323598338900054,3.322949117341644,6.11875,3.151134468330414,0.0,0.5149964401765742,-3.5021551724137963,0.0,0.0,0.0,0.0,0.0
331,331.0,1.0,0.0,0.0,5.0,1.41,4.0,4.0,6.5375,3.1182677482858976,5.7875,2.0965165687243,12.715517241379306,6.16875,3.0541403761942574,0.0,0.4950987438612778,2.1739130434782696,6.103125,3.1541623665206266,0.0,0.5168110380371738,-6.534090909090902,0.0,0.0,0.0,0.0,0.0
332,332.0,1.0,0.0,1.0,5.0,9.04,10.0,10.0,6.5625,3.089675347022726,5.7875,2.1240095682945324,15.131578947368418,6.13125,3.0436858309457633,0.0,0.4964217461277494,1.6580310880828957,6.08125,3.1443836339575357,0.0,0.5170620569714345,-12.41071428571429,0.0,0.0,0.0,0.0,0.0
333,333.0,1.0,0.0,0.0,5.0,1.13,2.0,2.0,6.55,3.0736785778607367,5.7875,2.1309970558335882,13.41991341991341,6.1625,3.057547015174092,0.0,0.49615367386192166,2.8154327424400294,6.078125,3.139987497487052,0.0,0.516604626835916,-15.965909090909092,0.0,0.0,0.0,0.0,0.0
334,334.0,1.0,0.0,1.0,5.0,2.1,7.0,7.0,6.4375,3.0734498125071115,5.7875,2.0945518530360268,10.04273504273505,6.14375,3.0737738917330923,0.0,0.5003090769860578,3.039832285115295,6.053125,3.1405099481413843,0.0,0.5188245655163878,-18.50127551020408,0.0,0.0,0.0,0.0,0.0
335,335.0,1.0,0.0,1.0,5.0,4.51,9.0,9.0,6.4625,3.0697872483284567,5.7875,2.105194750391554,9.766454352441617,6.175,3.0568570460523663,0.0,0.49503757830807554,4.109589041095881,6.053125,3.1405099481413843,0.0,0.5188245655163878,-17.666666666666668,0.0,0.0,0.0,0.0,0.0
336,336.0,1.0,0.0,1.0,5.0,1.64,5.0,5.0,6.5,3.082207001484488,5.7875,2.108878474699913,11.349036402569586,6.16875,3.050044825490275,0.0,0.4944348248008551,3.785488958990545,6.05625,3.1429422421514523,0.0,0.5189584713562769,-18.113938053097343,0.0,0.0,0.0,0.0,0.0
337,337.0,1.0,0.0,0.0,5.0,1.3,4.0,4.0,6.4625,3.081978869168314,5.7875,2.0968670696123026,11.422413793103457,6.13125,3.0272138076951225,0.0,0.4937351776057285,2.081165452653486,6.06875,3.130738481173412,0.0,0.5158786374745066,-13.947368421052635,0.0,0.0,0.0,0.0,0.0
338,338.0,1.0,0.0,0.0,5.0,1.16,3.0,3.0,6.4375,3.0937184341824,5.7906249999999995,2.0808293117021446,10.278372591006416,6.1375,3.02176996973628,0.0,0.49234541258432263,2.1852237252861695,6.071875,3.1281718278213235,0.0,0.5151904194044382,-10.822649572649576,0.0,0.0,0.0,0.0,0.0
339,339.0,1.0,0.0,0.0,5.0,1.15,3.0,3.0,6.3375,3.0738564946984757,5.793749999999999,2.0617423132571013,8.565310492505352,6.0875,3.007049010242434,0.0,0.4939710899782232,1.352757544224778,6.046875,3.120645403498289,0.0,0.5160757256431279,-14.39453124999999,0.0,0.0,0.0,0.0,0.0
340,340.0,1.0,0.0,1.0,5.0,1.85,6.0,6.0,6.3625,3.038271506959179,5.796875,2.094118312147764,10.412147505422988,6.0625,3.015973101670504,0.0,0.49748009924461917,0.7268951194184868,6.040625,3.124735926342417,0.0,0.5172868579563235,-13.392857142857142,0.0,0.0,0.0,0.0,0.0
341,341.0,1.0,0.0,1.0,5.0,3.33,8.0,8.0,6.4125,2.998723686837452,5.8,2.1384097601746106,11.279826464208233,6.0875,2.998723686837452,0.0,0.4926034803839756,1.9895287958115244,6.028125,3.1168628433691143,0.0,0.5170534525029117,-14.86013986013986,0.0,0.0,0.0,0.0,0.0
342,342.0,1.0,0.0,1.0,5.0,5.55,10.0,10.0,6.5,2.9410882339705484,5.8,2.210066302983649,13.537117903930138,6.1125,2.9978898829009712,0.0,0.490452332580936,2.4083769633507823,6.040625,3.1167249813506164,0.0,0.5159606797890312,-12.67857142857143,0.0,0.0,0.0,0.0,0.0
343,343.0,1.0,0.0,1.0,5.0,1.61,5.0,5.0,6.5,2.9410882339705484,5.8,2.210066302983649,12.311015118790504,6.14375,3.0121563600683148,0.0,0.49027977376493426,3.582718651211793,6.0375,3.1122489858621534,0.0,0.515486374469922,-14.454113924050633,0.0,0.0,0.0,0.0,0.0
344,344.0,1.0,0.0,1.0,5.0,3.29,8.0,8.0,6.5,2.9410882339705484,5.8,2.210066302983649,12.311015118790504,6.14375,3.0121563600683148,0.0,0.49027977376493426,3.691983122362869,6.034375,3.1127870726047098,0.0,0.5158424977905267,-13.837652439024389,0.0,0.0,0.0,0.0,0.0
345,345.0,1.0,0.0,1.0,5.0,1.93,6.0,6.0,6.4625,2.9023428036674095,5.8,2.2266494474167438,10.470085470085483,6.15625,3.015681670451973,0.0,0.4898569210886453,3.7934668071654314,6.04375,3.1141750011038236,0.0,0.5152719753636109,-12.573964497041423,0.0,0.0,0.0,0.0,0.0
346,346.0,1.0,0.0,1.0,5.0,1.6,5.0,5.0,6.4125,2.875298897506136,5.8,2.230202921011733,7.999999999999995,6.175,3.0053078045351693,0.0,0.48668952300164686,4.994686503719451,6.028125,3.1017872242265425,0.0,0.5145525721889547,-14.236111111111116,0.0,0.0,0.0,0.0,0.0
347,347.0,1.0,0.0,0.0,5.0,1.23,3.0,3.0,6.3875,2.8787746959427025,5.8,2.218825950152486,6.237006237006237,6.2,2.978674201721296,0.0,0.4804313228582735,5.7569296375266585,6.03125,3.1002457059884785,0.0,0.5140303761224421,-12.39130434782608,0.0,0.0,0.0,0.0,0.0
348,348.0,1.0,0.0,0.0,5.0,1.02,1.0,1.0,6.3875,2.8787746959427025,5.8,2.218825950152486,8.03382663847781,6.15,2.964793416074719,0.0,0.48208023025605184,4.6808510638297935,6.0125,3.100378001147602,0.0,0.515655384806254,-13.96373056994818,0.0,0.0,0.0,0.0,0.0
349,349.0,1.0,0.0,0.0,5.0,1.21,3.0,3.0,6.325,2.9401317997668066,5.8,2.1512641033649107,6.7510548523206815,6.125,2.991132728582936,0.0,0.48834820058496914,4.81283422459893,5.984375,3.104896271918758,0.0,0.5188338417827689,-15.517241379310345,0.0,0.0,0.0,0.0,0.0
350,350.0,1.0,0.0,0.0,5.0,1.22,3.0,3.0,6.3375,2.9237978298781195,5.8,2.1675575291962588,8.102345415778261,6.1,3.0004166377355,0.0,0.4918715799566394,3.8297872340425467,5.9875,3.1013857789704264,0.0,0.5179767480535159,-13.707317073170733,0.0,0.0,0.0,0.0,0.0
351,351.0,1.0,0.0,1.0,5.0,3.15,8.0,8.0,6.2625,2.931483199678961,5.8,2.1362905987951195,6.595744680851066,6.06875,3.006496871360421,0.0,0.49540628158359157,2.6427061310782243,5.990625,3.0978681555829644,0.0,0.5171193582611104,-12.047101449275372,0.0,0.0,0.0,0.0,0.0
352,352.0,1.0,0.0,1.0,5.0,1.67,5.0,5.0,6.2375,2.907936338711699,5.8,2.1449919370529944,5.274261603375527,6.08125,3.0103402527787453,0.0,0.49501997990195196,3.290870488322711,5.984375,3.091784413469833,0.0,0.5166428262717214,-13.125000000000004,0.0,0.0,0.0,0.0,0.0
353,353.0,1.0,0.0,0.0,5.0,1.28,3.0,3.0,6.2375,2.9079363387116985,5.8,2.144991937052995,5.944798301486194,6.0625,3.0076724805071446,0.0,0.4961109246197352,3.0818278427205166,5.971875,3.087650236729381,0.0,0.5170319601012046,-14.15929203539823,0.0,0.0,0.0,0.0,0.0
354,354.0,1.0,0.0,0.0,5.0,1.0,1.0,1.0,6.1875,2.9287102536782297,5.8,2.1127047280382163,4.872881355932197,6.04375,3.0173392148547036,0.0,0.4992495081455559,3.311965811965821,5.946875,3.079213005684245,0.0,0.5177867376873139,-15.846518987341767,0.0,0.0,0.0,0.0,0.0
355,355.0,1.0,0.0,1.0,5.0,22.51,11.0,11.0,6.125,2.984857618044787,5.8,2.0520241779613406,3.813559322033892,6.0125,3.0434098885953564,0.0,0.5061804388516186,2.3404255319148968,5.94375,3.0837211186324875,0.0,0.5188174332084101,-14.466527196652715,0.0,0.0,0.0,0.0,0.0
356,356.0,1.0,0.0,1.0,5.0,9.05,10.0,10.0,6.1375,3.0030973593941304,5.8,2.043723284828245,2.5052192066805907,6.0625,3.059181875926961,0.0,0.5046073197405296,2.972399150743097,5.975,3.0841327792428133,0.0,0.5161728500824793,-11.58854166666666,0.0,0.0,0.0,0.0,0.0
357,357.0,1.0,0.0,1.0,5.0,35.78,11.0,11.0,6.2,3.0306764921383476,5.8,2.045747877110262,3.1185031185031185,6.10625,3.0651200527059292,0.0,0.5019643893888932,4.491978609625671,5.975,3.0841327792428133,0.0,0.5161728500824793,-12.07,0.0,0.0,0.0,0.0,0.0
358,358.0,1.0,0.0,1.0,5.0,2.53,7.0,7.0,6.225,3.0617601147052653,5.8,2.033144259114904,2.2587268993839715,6.15625,3.079258991624446,0.0,0.5001842016851892,5.573419078242233,5.99375,3.0963625332799776,0.0,0.5165985456984321,-10.674019607843139,0.0,0.0,0.0,0.0,0.0
359,359.0,1.0,0.0,0.0,5.0,1.23,3.0,3.0,6.275,3.041278514046354,5.8,2.0632769971636864,3.5051546391752635,6.16875,3.0785992654939682,0.0,0.49906371071837374,6.472491909385113,5.98125,3.084177108646648,0.0,0.5156408959074855,-11.874999999999998,0.0,0.0,0.0,0.0,0.0
360,360.0,1.0,0.0,1.0,5.0,20.09,11.0,11.0,6.25,3.0598202561588486,5.8,2.042603642295626,2.669404517453793,6.16875,3.0785992654939682,0.0,0.49906371071837374,6.472491909385113,5.98125,3.084177108646648,0.0,0.5156408959074855,-10.564591078066917,0.0,0.0,0.0,0.0,0.0
361,361.0,1.0,0.0,1.0,5.0,3.93,9.0,9.0,6.275,3.0902063037926775,5.8,2.030608763013187,2.240325865580451,6.20625,3.100598480535653,0.0,0.49959290723635896,7.351351351351348,5.99375,3.0963625332799776,0.0,0.5165985456984321,-10.054347826086964,0.0,0.0,0.0,0.0,0.0
362,362.0,1.0,0.0,1.0,5.0,1.74,6.0,6.0,6.3375,3.094122452327962,5.8,2.0482382638837646,3.258655804480654,6.2375,3.103400352838802,0.0,0.49753913472365563,8.596300326441774,5.990625,3.092820251707978,0.0,0.5162767243331002,-10.581293706293708,0.0,0.0,0.0,0.0,0.0
363,363.0,1.0,0.0,0.0,5.0,1.44,4.0,4.0,6.3625,3.083195379796746,5.8,2.063605842721338,4.517453798767958,6.225,3.1003024046050736,0.0,0.49804054692450983,8.026030368763548,5.99375,3.0923229031748933,0.0,0.515924571958272,-10.15463917525774,0.0,0.0,0.0,0.0,0.0
364,364.0,1.0,0.0,1.0,5.0,3.86,9.0,9.0,6.3375,3.094122452327962,5.8,2.0482382638837646,3.048780487804878,6.24375,3.0776347959918833,0.0,0.4929144818405418,8.351409978308029,6.003125,3.0816984333926962,0.0,0.5133490362757225,-8.054366438356155,0.0,0.0,0.0,0.0,0.0
365,365.0,1.0,0.0,1.0,5.0,1.58,5.0,5.0,6.4375,3.0489496142114256,5.8,2.1113828742837333,6.846473029045637,6.23125,3.0623150454353976,0.0,0.491444741494146,7.089151450053715,6.025,3.078047270592185,0.0,0.5108792150360473,-6.74319727891156,0.0,0.0,0.0,0.0,0.0
366,366.0,1.0,0.0,0.0,5.0,1.1,2.0,2.0,6.375,3.0264459354166564,5.803125,2.1064311525929647,4.938271604938269,6.225,3.063800744173811,0.0,0.492176826373303,7.212055974165757,6.015625,3.0765859096366865,0.0,0.511432462900644,-7.243377483443717,0.0,0.0,0.0,0.0,0.0
367,367.0,1.0,0.0,1.0,5.0,10.01,11.0,11.0,6.3,3.0594117081556713,5.80625,2.059219418950932,3.4907597535934207,6.19375,3.081186611924049,0.0,0.49746706146099684,6.673842841765326,6.0,3.084234102658227,0.0,0.5140390171097046,-7.795307443365703,0.0,0.0,0.0,0.0,0.0
368,368.0,1.0,0.0,0.0,5.0,1.11,2.0,2.0,6.4125,3.0646930923014133,5.809375,2.0923791736628905,5.7731958762886535,6.2375,3.0993698956400797,0.0,0.49689296924089454,7.6591154261057115,6.015625,3.096834005783164,0.0,0.5147983801821363,-6.932539682539682,0.0,0.0,0.0,0.0,0.0
369,369.0,1.0,0.0,0.0,5.0,1.11,2.0,2.0,6.3625,3.1034003528388023,5.8125,2.050170547341715,4.08997955010225,6.2375,3.0993698956400797,0.0,0.49689296924089454,8.714596949891067,5.9875,3.0923039549824334,0.0,0.5164599507277551,-8.159509202453995,0.0,0.0,0.0,0.0,0.0
370,370.0,1.0,0.0,0.0,5.0,1.0,1.0,1.0,6.3125,3.1408348810467577,5.8125,2.009815937186806,3.061224489795918,6.21875,3.115830296646465,0.0,0.5010380376516929,8.505997818974915,5.975,3.100302404605073,0.0,0.5188790635322298,-8.217243975903619,0.0,0.0,0.0,0.0,0.0
371,371.0,1.0,0.0,0.0,5.0,1.12,2.0,2.0,6.3,3.1599050618649924,5.8125,1.9937307851526738,2.6476578411405236,6.21875,3.115830296646465,0.0,0.5010380376516929,8.743169398907105,5.96875,3.1082991229127224,0.0,0.5207621567183619,-7.182835820895525,0.0,0.0,0.0,0.0,0.0
372,372.0,1.0,0.0,0.0,5.0,1.03,1.0,1.0,6.2125,3.180777224201657,5.8125,1.9531389852551762,1.4285714285714344,6.16875,3.1189378700929584,0.0,0.5056028968742384,7.516339869281053,5.953125,3.115634403195439,0.0,0.5233611595918848,-8.00986842105263,0.0,0.0,0.0,0.0,0.0
373,373.0,1.0,0.0,0.0,5.0,1.3,4.0,4.0,6.1125,3.2171173043580494,5.8125,1.8999928885775277,0.0,6.1125,3.13047021228441,0.0,0.5121423660178994,6.07375271149674,5.9375,3.1278736787153028,0.0,0.5267997774678405,-8.663793103448281,0.0,0.0,0.0,0.0,0.0
374,374.0,1.0,0.0,0.0,5.0,1.01,1.0,1.0,6.0625,3.2184769301643286,5.8125,1.883654949700218,-1.2219959266802474,6.1,3.1348843678834473,0.0,0.5139154701448274,5.513513513513507,5.940625,3.1254359070976006,0.0,0.5261123041931784,-7.891737891737899,0.0,0.0,0.0,0.0,0.0
375,375.0,1.0,0.0,1.0,5.0,5.05,10.0,10.0,5.95,3.2361242250568814,5.8125,1.838619158662062,-3.8383838383838356,6.06875,3.1605416367293757,0.0,0.5207895590903194,5.543478260869559,5.909375,3.1246859217167735,0.0,0.5287675806183858,-9.471685082872927,0.0,0.0,0.0,0.0,0.0
376,376.0,1.0,0.0,1.0,5.0,1.59,5.0,5.0,6.0125,3.265324447891817,5.8125,1.8413177912172969,-2.0366598778004072,6.075,3.167313530422904,0.0,0.5213684823741406,5.42299349240781,5.91875,3.132434905548717,0.0,0.5292392659849997,-9.451219512195118,0.0,0.0,0.0,0.0,0.0
377,377.0,1.0,0.0,0.0,5.0,1.44,4.0,4.0,5.9375,3.2184769301643286,5.8125,1.8448167033146463,-3.455284552845534,6.04375,3.1530677026508647,0.0,0.5217071690011772,4.202586206896558,5.921875,3.1310176435745296,0.0,0.5287206574901581,-9.262734584450397,0.0,0.0,0.0,0.0,0.0
378,378.0,1.0,0.0,1.0,5.0,2.96,8.0,8.0,5.9,3.2233522922572395,5.8125,1.8303925432452082,-5.030181086519114,6.05625,3.1409530301327337,0.0,0.5186300152953947,4.530744336569582,5.925,3.1285979287853527,0.0,0.5280334057021693,-8.18982712765957,0.0,0.0,0.0,0.0,0.0
379,379.0,1.0,0.0,1.0,5.0,6.05,10.0,10.0,5.9125,3.229526861631592,5.8125,1.830763530795635,-5.776892430278895,6.09375,3.1280922201079684,0.0,0.5133279540689999,5.748373101952274,5.928125,3.1301691622618417,0.0,0.5280201011722664,-7.718668407310711,0.0,0.0,0.0,0.0,0.0
380,380.0,1.0,0.0,1.0,5.0,1.64,5.0,5.0,5.9375,3.2532435737276115,5.8125,1.8251015841389122,-5.0,6.09375,3.1280922201079684,0.0,0.5133279540689999,5.405405405405405,5.9375,3.1378485862131718,0.0,0.5284797618885342,-7.812500000000003,0.0,0.0,0.0,0.0,0.0
381,381.0,1.0,0.0,1.0,5.0,2.8,8.0,8.0,5.9,3.2465366161495854,5.8125,1.8173212557194074,-5.410821643286565,6.06875,3.1207408475392504,0.0,0.5142312416130588,4.633620689655169,5.934375,3.1382827086441716,0.0,0.5288312094608398,-8.049242424242424,0.0,0.0,0.0,0.0,0.0
382,382.0,1.0,0.0,1.0,5.0,2.31,7.0,7.0,5.925,3.254900152078401,5.8125,1.8203323368357764,-5.577689243027897,6.1,3.114883625434504,0.0,0.5106366599072958,5.059203444564035,5.953125,3.1326391005628147,0.0,0.5262175916955909,-6.507537688442213,0.0,0.0,0.0,0.0,0.0
383,383.0,1.0,0.0,1.0,5.0,2.04,6.0,6.0,5.9125,3.2488219018591953,5.8125,1.8198904644839005,-5.964214711729623,6.1,3.114883625434504,0.0,0.5106366599072958,4.7210300429184455,5.9625,3.1312687125189367,0.0,0.5251603710723584,-5.920398009950248,0.0,0.0,0.0,0.0,0.0
384,384.0,1.0,0.0,1.0,5.0,2.7,8.0,8.0,5.85,3.1980462785894765,5.8125,1.8292418215349242,-8.771929824561404,6.13125,3.0885309513585906,0.0,0.5037359349820332,6.168831168831156,5.953125,3.126648002953802,0.0,0.525211213094602,-6.017335766423361,0.0,0.0,0.0,0.0,0.0
385,385.0,1.0,0.0,1.0,5.0,1.53,5.0,5.0,5.85,3.1980462785894765,5.8125,1.8292418215349242,-9.302325581395356,6.15,3.0907118921051184,0.0,0.5025547792040843,6.608884073672816,5.959375,3.1287337070091152,0.0,0.5250103755862175,-5.611510791366901,0.0,0.0,0.0,0.0,0.0
386,386.0,1.0,0.0,1.0,5.0,4.72,9.0,9.0,5.9,3.1527765540868895,5.8125,1.871366365101876,-8.34951456310679,6.16875,3.0745362963380347,0.0,0.4984050733678678,7.166123778501639,5.9625,3.1272741725023088,0.0,0.5244904272540559,-4.7580166270783835,0.0,0.0,0.0,0.0,0.0
387,387.0,1.0,0.0,0.0,5.0,1.05,2.0,2.0,5.8875,3.1384460725014853,5.8125,1.8759283619958436,-8.365758754863808,6.15625,3.0588945613570924,0.0,0.4968762739260252,5.80021482277122,5.9875,3.11947010724578,0.0,0.5209970951558714,-3.7174170616113695,0.0,0.0,0.0,0.0,0.0
388,388.0,1.0,0.0,1.0,5.0,8.33,10.0,10.0,5.8,3.1480152477394387,5.8125,1.8424307201704082,-10.424710424710423,6.1375,3.0750762185675984,0.0,0.5010307484427858,5.139186295503208,5.9875,3.11947010724578,0.0,0.5209970951558714,-3.015919811320746,0.0,0.0,0.0,0.0,0.0
389,389.0,1.0,0.0,0.0,5.0,1.04,1.0,1.0,5.825,3.173227851888358,5.8125,1.8356702612872875,-10.211946050096333,6.15625,3.0893908683590037,0.0,0.5018299887689752,5.573419078242233,5.99375,3.125493710999912,0.0,0.5214588047549383,-3.096064814814809,0.0,0.0,0.0,0.0,0.0
390,390.0,1.0,0.0,1.0,5.0,11.23,11.0,11.0,5.8125,3.1901949391847517,5.8125,1.8219889727131764,-9.356725146198826,6.1125,3.112449798791942,0.0,0.5091942411111562,4.264392324093817,5.9875,3.13346353896132,0.0,0.523334202749281,-3.043103448275858,0.0,0.0,0.0,0.0,0.0
391,391.0,1.0,0.0,0.0,5.0,1.44,4.0,4.0,5.8375,3.2227463055599026,5.8125,1.8113433222866808,-8.966861598440536,6.125,3.1279985613807435,0.0,0.5106936426744071,4.144527098831037,6.003125,3.145928358112276,0.0,0.5240484511170892,-2.777777777777775,0.0,0.0,0.0,0.0,0.0
392,392.0,1.0,0.0,0.0,5.0,1.01,1.0,1.0,5.7625,3.1946977556570197,5.8125,1.8037700091647286,-10.48543689320388,6.1,3.1288975694324033,0.0,0.5129340277758039,3.3898305084745637,6.0,3.147419578003543,0.0,0.5245699296672571,-2.8923766816143495,0.0,0.0,0.0,0.0,0.0
393,393.0,1.0,0.0,0.0,5.0,1.01,1.0,1.0,5.6875,3.2349410736518833,5.8125,1.7581463991180075,-11.132812500000005,6.04375,3.139161661574631,0.0,0.5194062728561955,1.6824395373291363,5.99375,3.155346405309566,0.0,0.5264394419703134,-3.084632516703777,0.0,0.0,0.0,0.0,0.0
394,394.0,1.0,0.0,1.0,5.0,8.25,10.0,10.0,5.5625,3.2204182569970627,5.8125,1.7272601122274265,-13.926499032882017,6.0125,3.1642287764951513,0.0,0.5262750563817299,0.8385744234800808,5.9875,3.1632410199034786,0.0,0.5283074772281384,-2.895464601769907,0.0,0.0,0.0,0.0,0.0
395,395.0,1.0,0.0,1.0,5.0,2.34,7.0,7.0,5.625,3.2572035551988456,5.8125,1.7269415020200065,-11.93737769080235,6.00625,3.155346405309566,0.0,0.5253438343907707,0.7337526205450614,5.984375,3.1587783808578593,0.0,0.5278376406655431,-4.0037796976242,0.0,0.0,0.0,0.0,0.0
396,396.0,1.0,0.0,0.0,5.0,1.4,4.0,4.0,5.7,3.2186953878862163,5.8125,1.7709038331034201,-10.76320939334638,6.04375,3.131187624129222,0.0,0.518086887136169,1.4690451206715696,6.0,3.1513885828313843,0.0,0.5252314304718974,-2.5201612903225805,0.0,0.0,0.0,0.0,0.0
397,397.0,1.0,0.0,1.0,5.0,32.25,11.0,11.0,5.7125,3.210115846819239,5.8125,1.7795307934635016,-9.861932938856015,6.025,3.1343859047666736,0.0,0.5202300256874147,1.473684210526322,5.98125,3.145377312422152,0.0,0.5258729048981654,-3.5999999999999943,0.0,0.0,0.0,0.0,0.0
398,398.0,1.0,0.0,0.0,5.0,1.09,2.0,2.0,5.8,3.257299494980466,5.803125,1.7806161235519984,-9.019607843137258,6.0875,3.1332640728160785,1.425,0.514704570483134,2.8511087645195383,6.003125,3.1558461994170437,0.0,0.5257005641923238,-2.1424843423799556,0.0,0.0,0.0,0.0,0.0
399,399.0,1.0,0.0,1.0,5.0,76.58,11.0,11.0,5.7125,3.264175814811451,5.8,1.7500589196449188,-11.43410852713178,6.08125,3.140405775930875,2.85,0.5164079384881193,3.4006376195536694,5.98125,3.159255994296758,0.0,0.5281932696838885,-2.7996926229508223,0.0,0.0,0.0,0.0,0.0
400,400.0,1.0,0.0,1.0,5.0,6.42,10.0,10.0,5.7375,3.296755033362351,5.8,1.7403476879349267,-11.90019193857966,6.125,3.1598061649411346,4.275,0.5158867208067158,4.03397027600849,6.00625,3.1672086981283694,0.0,0.5273188259110709,-1.4511201629327943,0.0,0.0,0.0,0.0,0.0
401,401.0,1.0,0.0,1.0,5.0,4.74,9.0,9.0,5.7875,3.3305170394399726,5.8,1.7377181775275257,-11.472275334608032,6.1625,3.1699516952155595,5.7,0.5143937842134783,5.454545454545449,6.003125,3.162770183616729,0.0,0.5268539608315218,-1.7928286852589754,0.0,0.0,0.0,0.0,0.0
402,402.0,1.0,0.0,1.0,5.0,6.86,10.0,10.0,5.8,3.340658617698013,5.8,1.736184586258824,-11.11111111111112,6.1625,3.1699516952155595,5.7046875,0.5143937842134783,4.670912951167719,6.025,3.159212718384123,0.0,0.5243506586529665,-0.9598214285714359,0.0,0.0,0.0,0.0,0.0
403,403.0,1.0,0.0,0.0,5.0,1.23,3.0,3.0,5.8125,3.3544513336758963,5.8,1.7327721948586177,-11.428571428571429,6.1875,3.1843121313715463,5.709375,0.5146363040600479,4.984093319194065,6.040625,3.166460896549174,0.0,0.5241942508513894,-0.31925343811394474,0.0,0.0,0.0,0.0,0.0
404,404.0,1.0,0.0,1.0,5.0,1.81,6.0,6.0,5.775,3.3688833461549246,5.8,1.714217859930145,-12.167300380228134,6.175,3.1928631351813372,5.7140625,0.5170628558998117,4.661016949152533,6.0375,3.168965722440052,0.0,0.5248804509217477,-0.09259259259258873,0.0,0.0,0.0,0.0,0.0
405,405.0,1.0,0.0,1.0,5.0,5.39,10.0,10.0,5.775,3.3688833461549246,5.8,1.714217859930145,-12.333965844402277,6.18125,3.1915354357268226,5.71875,0.5163252474381108,4.324894514767942,6.053125,3.1563907765634784,0.0,0.5214481406816278,1.0165369649805576,0.0,0.0,0.0,0.0,0.0
406,406.0,1.0,0.0,0.0,5.0,1.35,4.0,4.0,5.8625,3.386531226786489,5.8,1.7311223808093985,-10.325047801147226,6.2,3.205074102107469,5.721875,0.5169474358237853,4.531085353003158,6.065625,3.1640667438243146,0.0,0.5216390304089545,1.346153846153856,0.0,0.0,0.0,0.0,0.0
407,407.0,1.0,0.0,1.0,5.0,3.84,9.0,9.0,5.7875,3.360408271326566,5.8,1.722260967330409,-11.641221374045804,6.16875,3.2019952275885735,5.725,0.519067108828948,3.894736842105266,6.053125,3.1643013027167624,0.0,0.5227549906398369,0.47585227272727154,0.0,0.0,0.0,0.0,0.0
408,408.0,1.0,0.0,1.0,5.0,2.38,7.0,7.0,5.8875,3.3353925930840584,5.8,1.7651595234119486,-9.42307692307692,6.19375,3.208381357865676,5.728125,0.5180030446604522,4.425711275026331,6.0625,3.168571247423671,0.0,0.52265092741009,0.9094101123595403,0.0,0.0,0.0,0.0,0.0
409,409.0,1.0,0.0,0.0,5.0,0.0,1.0,1.0,5.95,3.3087006513131407,5.8,1.798289004367498,-8.28516377649325,6.21875,3.198968339558865,5.73125,0.5144069691752948,4.957805907172999,6.071875,3.166892638593074,0.0,0.5215674958053441,1.7193308550185928,0.0,0.0,0.0,0.0,0.0
